-- phpMyAdmin SQL Dump
-- version 4.1.12
-- http://www.phpmyadmin.net
--
-- Host: 127.0.0.1
-- Generation Time: Aug 15, 2014 at 08:52 AM
-- Server version: 5.6.16
-- PHP Version: 5.5.11

SET SQL_MODE = "NO_AUTO_VALUE_ON_ZERO";
SET time_zone = "+00:00";


/*!40101 SET @OLD_CHARACTER_SET_CLIENT=@@CHARACTER_SET_CLIENT */;
/*!40101 SET @OLD_CHARACTER_SET_RESULTS=@@CHARACTER_SET_RESULTS */;
/*!40101 SET @OLD_COLLATION_CONNECTION=@@COLLATION_CONNECTION */;
/*!40101 SET NAMES utf8 */;

--
-- Database: `bksun`
--

-- --------------------------------------------------------

--
-- Table structure for table `tbl_categories`
--

CREATE TABLE IF NOT EXISTS `tbl_categories` (
  `cate_id` int(10) NOT NULL AUTO_INCREMENT,
  `cate_name` varchar(100) NOT NULL,
  `cate_info` varchar(100) NOT NULL,
  `cate_status` int(1) NOT NULL,
  PRIMARY KEY (`cate_id`)
) ENGINE=InnoDB  DEFAULT CHARSET=utf8 AUTO_INCREMENT=8 ;

--
-- Dumping data for table `tbl_categories`
--

INSERT INTO `tbl_categories` (`cate_id`, `cate_name`, `cate_info`, `cate_status`) VALUES
(1, 'IC', 'IC giá rẻ nhất Đông Dương', 1),
(2, 'LED', 'Đèn LED trái tim, mạch vòng... các loại', 1),
(3, 'PIN', 'Pin sống lâu vĩnh cửu cùng năm tháng', 1),
(4, 'TỤ ĐIỆN', 'Tụ điện tụ cả năng lượng thế giới', 0),
(5, 'ĐIỆN TRỞ', 'Điện trở dù khó khăn trắc trở vẫn cản trở tốt dòng điện!', 1),
(6, 'MẠCH NẠP', 'Mạch nạp hỗ trợ nạp điện cực tốt!', 1),
(7, 'THẠCH ANH', 'Thạch anh đẹp như kim cương', 1);

-- --------------------------------------------------------

--
-- Table structure for table `tbl_comments`
--

CREATE TABLE IF NOT EXISTS `tbl_comments` (
  `cmt_id` int(10) unsigned NOT NULL AUTO_INCREMENT,
  `cmt_content` varchar(200) NOT NULL,
  `cmt_date` datetime NOT NULL,
  `pro_id` int(3) NOT NULL,
  `cmt_name` varchar(100) NOT NULL,
  `cmt_vote` int(1) NOT NULL,
  `cmt_hot` int(1) NOT NULL,
  PRIMARY KEY (`cmt_id`)
) ENGINE=InnoDB  DEFAULT CHARSET=utf8 AUTO_INCREMENT=100 ;

--
-- Dumping data for table `tbl_comments`
--

INSERT INTO `tbl_comments` (`cmt_id`, `cmt_content`, `cmt_date`, `pro_id`, `cmt_name`, `cmt_vote`, `cmt_hot`) VALUES
(1, 'Sản phẩm mang tính chất thương mai tốt', '2014-08-08 02:06:26', 1, 'hoang xuan phuc', 1, 1),
(2, 'Sản phẩm này mà cũng bán á', '2014-08-08 02:06:52', 1, 'Lê Tuấn Vinh', 1, 1),
(45, '  Sản phẩm của bạn rất tuyệt', '2014-07-29 09:06:20', 11, 'Nguyễn Xuân Thêm', 1, 1),
(47, '  đã được chưa bạn hiền', '2014-08-05 10:39:18', 1, 'lê tuấn vinh', 1, 1),
(48, 'Trang Web của bạn lằng nhằng vãi lồng', '2014-08-07 11:31:48', 5, 'Hoàng Anh Việt', 3, 1),
(49, 'thằng này bố láo vãi lồng  ', '2014-08-07 11:35:49', 5, 'Hoang ngoc duong', 2, 1),
(52, 'Cái gì cũng được', '2014-08-07 11:53:35', 5, 'hoang xuan vinh', 1, 1),
(71, 'Bài vân chưởng dùng hay hơn', '2014-08-10 10:17:58', 1, 'Trương Tam Phong', 1, 1),
(76, 'Sản phẩm thật tuyệt vời, cảm ơn chủ thớt', '2014-08-10 10:32:08', 1, 'Nguyễn Ngọc Vũ', 2, 1),
(81, '  Sản phầm quá chi là điều bt luôn', '2014-08-10 11:05:29', 1, 'Bình Thường', 2, 1),
(82, 'Được chưa bạn hiền vl thật', '2014-08-10 06:51:44', 1, 'vinh tuan le', 1, 1),
(84, 'cũng tuyệt vời ấy chứ', '2014-08-12 03:14:46', 11, 'le tuan vinh', 2, 1),
(86, 'Tên tôi là Dương Ngọc Thái chứ còn gì nữa', '2014-08-12 03:16:23', 1, 'Dương Ngọc Thái', 1, 1),
(87, 'Tên tôi là Dương Ngọc Thái chứ còn gì nữa', '2014-08-12 03:16:30', 1, 'Dương Ngọc Thái', 1, 1),
(88, 'Tôi không có ý kiến gì thêm', '2014-08-12 11:19:23', 1, 'Phạm Văn Đồng', 2, 1),
(89, 'Tôi không có ý kiến gì thêm', '2014-08-12 11:19:30', 1, 'Phạm Văn Đồng', 2, 1),
(90, 'Tôi không có ý kiến gì thêm', '2014-08-12 11:20:15', 1, 'Phạm Văn Đồng', 2, 1),
(91, 'Hay ho vãi cả chưởng', '2014-08-12 11:21:57', 1, 'Bihf thường', 1, 1),
(93, 'Hay ho vãi cả chưởng', '2014-08-12 11:22:24', 1, 'Bihf thường', 1, 1),
(95, 'Sản phẩm tồi tệ', '2014-08-12 11:51:29', 1, 'vinhle', 1, 1),
(97, '  retewtetertetertertetrete', '2014-08-14 11:03:26', 4, 'uytutu', 1, 1),
(98, '  retewtetertetertertetrete', '2014-08-14 11:03:32', 4, 'uytutu', 1, 1),
(99, 'Được chưa abanj', '2014-08-15 08:45:57', 1, 'Hoang minh lap', 1, 1);

-- --------------------------------------------------------

--
-- Table structure for table `tbl_contact`
--

CREATE TABLE IF NOT EXISTS `tbl_contact` (
  `con_id` int(11) NOT NULL AUTO_INCREMENT,
  `con_name` varchar(100) NOT NULL,
  `con_phone` varchar(100) NOT NULL,
  `con_email` varchar(100) NOT NULL,
  `con_content` longtext NOT NULL,
  PRIMARY KEY (`con_id`)
) ENGINE=InnoDB  DEFAULT CHARSET=utf8 AUTO_INCREMENT=3 ;

--
-- Dumping data for table `tbl_contact`
--

INSERT INTO `tbl_contact` (`con_id`, `con_name`, `con_phone`, `con_email`, `con_content`) VALUES
(1, 'Hoang', '01239908672', 'hihi@gmail.com', 'fdsafsfsfs'),
(2, 'Linh', '01238893234', 'linhxinh@gmail.com', 'Trang web đẹp thật, công nhận!');

-- --------------------------------------------------------

--
-- Table structure for table `tbl_customers`
--

CREATE TABLE IF NOT EXISTS `tbl_customers` (
  `cus_id` int(11) NOT NULL,
  `cus_content` longtext NOT NULL,
  PRIMARY KEY (`cus_id`)
) ENGINE=InnoDB DEFAULT CHARSET=utf8;

--
-- Dumping data for table `tbl_customers`
--

INSERT INTO `tbl_customers` (`cus_id`, `cus_content`) VALUES
(1, '<div style="background:transparent; border:0px; padding:0px">\r\n<h2>Thanh to&aacute;n</h2>\r\n\r\n<p><strong>I- PHƯƠNG THỨC HOẠT ĐỘNG CỦA BKSUN.COM</strong></p>\r\n</div>\r\n\r\n<div style="background:transparent; border:0px; padding:0px">Bksun.com cung cấp nguồn h&agrave;ng đa dạng, gi&aacute; tốt từ nh&agrave; ph&acirc;n phối, đại l&yacute;, cửa h&agrave;ng chuy&ecirc;n về linh kiện điện tử.(<em><a href="http://banhangdientu.com/news/Tin-tuc/Banhangdientucom-hoat-dong-ban-hang-linh-kien-dien-tu-truc-tuyen-nhu-the-nao-11/" target="_blank">t&igrave;m hiểu th&ecirc;m</a></em>)<br />\r\nKh&aacute;ch h&agrave;ng mua linh kiện trực tiếp tại địa chỉ li&ecirc;n hệ website linhkienvn.site11.com&nbsp;vui l&ograve;ng gọi điện thoại trước 0902 730 930.<br />\r\n<a href="http://banhangdientu.com/news/Tin-tuc/Banhangdientucom-nhan-dat-mua-linh-kien-nuoc-ngoai-16/">Banhangdientu.com nhận đặt linh kiện trực tiếp từ nước ngo&agrave;i.</a><br />\r\n<strong>II- PHƯƠNG THỨC MUA H&Agrave;NG</strong><br />\r\n- Đặt h&agrave;ng qua e-mail<br />\r\n-&nbsp;<a href="http://banhangdientu.com/dich-vu/Ban-hang-truc-tuyen/Huong-dan-dat-mua-hang-1/">Đặt h&agrave;ng tr&ecirc;n website&nbsp;</a><br />\r\n- Đặt h&agrave;ng qua điện thoại:<strong>&nbsp;01656483223</strong><br />\r\n- Đặt h&agrave;ng qua Chat&nbsp; :<br />\r\n&nbsp;&nbsp;&nbsp;&nbsp; &nbsp; &nbsp; Yh! &nbsp;&nbsp; : bksungroup<br />\r\n&nbsp;&nbsp;&nbsp;&nbsp;&nbsp;&nbsp;&nbsp;&nbsp; Skype: bksun</div>\r\n\r\n<ul>\r\n	<li><strong>C&Aacute;C BƯỚC ĐẶT MUA LINH KIỆN QUA E-MAIL</strong></li>\r\n</ul>\r\n\r\n<p>Kh&aacute;ch h&agrave;ng gửi&nbsp;<a href="http://www.mediafire.com/?czgqviaaqizr7bx" target="_blank">file danh s&aacute;ch</a>&nbsp;sản phẩm cần mua qua e-mail banhangdt@gmail.com.</p>\r\n\r\n<p>Banhangdientu.com hồi &acirc;m b&aacute;o gi&aacute;.</p>\r\n\r\n<p>Thanh to&aacute;n chuyển khoản</p>\r\n\r\n<p>Banhangdientu.com gửi chuyển ph&aacute;t nhanh.</p>\r\n\r\n<div style="background:transparent; border:0px; padding:0px"><strong>III - PHƯƠNG THỨC THANH TO&Aacute;N :</strong><br />\r\n&nbsp;<br />\r\n<strong>1. Chuyển khoản:</strong>&nbsp;Kh&aacute;ch h&agrave;ng thanh to&aacute;n h&igrave;nh thức chuyển khoản, đ&acirc;y l&agrave; h&igrave;nh thức thanh to&aacute;n với chi ph&iacute; thấp nhất nếu c&aacute;c bạn c&oacute; t&agrave;i khoản c&ugrave;ng nằm trong 1 hệ thống ng&acirc;n h&agrave;ng với những t&agrave;i khoản của Banhangdientu.com dưới đ&acirc;y, vui l&ograve;ng vui l&ograve;ng thanh to&aacute;n v&agrave;o số t&agrave;i khoản người nhận như sau:<br />\r\nKh&aacute;ch h&agrave;ng c&oacute; thể đến c&aacute;c điểm giao dịch của một trong c&aacute;c ng&acirc;n h&agrave;ng dưới đ&acirc;y, với th&ocirc;ng tin&nbsp;<strong>Số t&agrave;i khoản</strong>&nbsp;v&agrave;&nbsp;<strong>t&ecirc;n chủ t&agrave;i khoản</strong>&nbsp;để chuyển khoản m&agrave; kh&ocirc;ng cần c&oacute; t&agrave;i khoản ng&acirc;n h&agrave;ng trước.&nbsp;<br />\r\n<strong>Ng&acirc;n h&agrave;ng Đ&ocirc;ng &Aacute;</strong><br />\r\n<img alt="Chuyển khoản Ngân hàng Đông Á cho Hula" src="http://hula.vn/images/page/bank/hula-bda.png" style="margin:0px" /><br />\r\nT&ecirc;n chủ t&agrave;i khoản: L&ecirc; Tuấn Vinh<br />\r\nSố t&agrave;i khoản: 0101780766<br />\r\nNội dung: Mua linh kien &lt; M&atilde; đơn h&agrave;ng&gt; hoặc&nbsp;Nội dung: Mua linh kien&nbsp;<br />\r\n<a href="https://ebanking.dongabank.com.vn/constant/notice/HD%20CK%20TREN%20INTERNET%20BANKING%20DANH%20CHO%20TO%20CHUC%20SU%20DUNG%201%20CHU%20KY.pdf" target="_blank">Hướng dẫn chuyển khoản trực tuyến ng&acirc;n h&agrave;ng Đ&ocirc;ng &Aacute;</a><br />\r\n<a href="https://ebanking.dongabank.com.vn/constant/notice/HD%20Internet%20Banking%2015042011.pdf" target="_blank">Hướng dẫn sử dụng Internet Banking Đ&ocirc;ng &Aacute;</a><br />\r\n<strong>Ng&acirc;n h&agrave;ng Eximbank</strong><br />\r\n<img alt="" src="http://banhangdientu.com/uploads/thanh-toan/eximbank.jpg" style="height:83px; margin:0px; width:120px" /><br />\r\nT&ecirc;n Chủ t&agrave;i khoản :Ho&agrave;ng Minh Lập<br />\r\nSố t&agrave;i khoản: 180014849054859<br />\r\nNội dung: Mua linh kien &lt; M&atilde; đơn h&agrave;ng&gt;&nbsp;hoặc&nbsp;Nội dung: Mua linh kien&nbsp;<br />\r\n<strong>Ng&acirc;n h&agrave;ng Vietcombank</strong><br />\r\n<img alt="" src="http://banhangdientu.com/uploads/thanh-toan/vietcombank.jpg" style="height:75px; margin:0px; width:140px" /><br />\r\nT&ecirc;n Chủ t&agrave;i khoản : Nguyễn DŨng Tuấn<br />\r\nSố t&agrave;i khoản: 0511000401725<br />\r\nNội dung: Mua linh kien &lt; M&atilde; đơn h&agrave;ng&gt;&nbsp;hoặc&nbsp;Nội dung: Mua linh kien<br />\r\n<a href="https://docs.google.com/viewer?a=v&amp;q=cache:hS7Hol9UHx4J:www.vietcombank.com.vn/EBanking/Reg_Forms/Huong%2520dan%2520chuyen%2520cho%2520nguoi%2520nhan%2520bang%2520tien%2520mat.pdf+&amp;hl=en&amp;gl=vn&amp;pid=bl&amp;srcid=ADGEESgEIs5G-K2Y8iddJikrCkQkbTthgkbZXUYKYR-WiN3LN6JI2L9yhTcSrY2VGFyhXaSgKNFXyr0usXgq4IWJ-Z_zKrUGZLP6jTYAfOvLYuiB6zbR6UF8er9qILWRmXgbaru9uPKn&amp;sig=AHIEtbTYZRxEKYhLFRSbHqtQbGtJtB5DbA" target="_blank">Hướng dẫn chuyển khoản trực tuyến ng&acirc;n h&agrave;ng Vietcombank</a><br />\r\n<strong>Ng&acirc;n h&agrave;ng đầu&nbsp; tư v&agrave; ph&aacute;t triển việt nam</strong><br />\r\n<img alt="" src="http://banhangdientu.com/uploads/thanh-toan/bidv.jpg" style="height:61px; margin:0px; width:140px" /><br />\r\nT&ecirc;n Chủ t&agrave;i khoản : Trương Lộc B&igrave;nh<br />\r\nSố t&agrave;i khoản: 14010000919665<br />\r\nNội dung: Mua linh kien &lt; M&atilde; đơn h&agrave;ng&gt;&nbsp;hoặc&nbsp;Nội dung: Mua linh kien&nbsp;<br />\r\n<strong>Ng&acirc;n h&agrave;ng N&ocirc;ng nghiệp v&agrave; Ph&aacute;t triển n&ocirc;ng th&ocirc;n</strong><br />\r\n<img alt="" src="http://banhangdientu.com/uploads/thanh-toan/agribank.jpg" style="height:102px; margin:0px; width:150px" /><br />\r\nT&ecirc;n Chủ t&agrave;i khoản : Nguyễn Văn Cường<br />\r\nSố t&agrave;i khoản: 16032 0624 0439<br />\r\nNội dung: Mua linh kien &lt; M&atilde; đơn h&agrave;ng&gt;&nbsp;hoặc&nbsp;Nội dung: Mua linh kien&nbsp;<br />\r\n<br />\r\n<strong>Ng&acirc;n h&agrave;ng Techcombank</strong><br />\r\n<img alt="" src="http://banhangdientu.com/uploads/thanh-toan/techcombank.jpg" style="height:77px; margin:0px; width:150px" /><br />\r\nT&ecirc;n Chủ t&agrave;i khoản : V&otilde; Văn Tuấn<br />\r\nSố t&agrave;i khoản: 1022 491 494 2016<br />\r\nNội dung: Mua linh kien &lt; M&atilde; đơn h&agrave;ng&gt;&nbsp;hoặc&nbsp;Nội dung: Mua linh kien&nbsp;<br />\r\n<img alt="" src="http://banhangdientu.com/uploads/thanh-toan/vietinbank.jpg" style="height:48px; margin:0px; width:160px" /><br />\r\n<br />\r\nT&ecirc;n Chủ t&agrave;i khoản : V&otilde; Văn Tuấn<br />\r\nSố t&agrave;i khoản: 711A 6164 7938<br />\r\nNội dung: Mua linh kien &lt; M&atilde; đơn h&agrave;ng&gt;&nbsp;hoặc&nbsp;Nội dung: Mua linh kien&nbsp;<br />\r\n<br />\r\nGhi ch&uacute;:&nbsp;Sau khi chuyển tiền, kh&aacute;ch h&agrave;ng vui l&ograve;ng email hoặc điện thoại th&ocirc;ng b&aacute;o việc chuyển tiền v&agrave; th&ocirc;ng tin của kh&aacute;ch h&agrave;ng để tiện trong việc kiểm tra.<br />\r\n(Điện thoại Banhangdientu.com :&nbsp;0902 730930 nếu kh&aacute;ch h&agrave;ng cần sự hỗ trợ)</div>\r\n\r\n<div style="background:transparent; border:0px; padding:0px">\r\n<div style="background:transparent; border:0px; padding:0px"><strong>2.&nbsp;Chuyển tiền qua bưu điện:</strong><br />\r\nT&ecirc;n người nhận: V&otilde; Văn Tuấn<br />\r\nĐịa chỉ: 163/21 L&yacute; nam đế&nbsp; Ba Đ&igrave;nh&nbsp;&nbsp;Th&agrave;nh phố H&agrave; Nội.<br />\r\nGhi ch&uacute;:&nbsp;Khi chuyển tiền vui l&ograve;ng ghi r&otilde; t&ecirc;n mặt h&agrave;ng, Banhangdientu.com sẽ gửi h&agrave;ng cho qu&yacute; kh&aacute;ch ngay sau khi nhận được tiền.<br />\r\nKh&aacute;ch h&agrave;ng vui l&ograve;ng gửi theo phương thức chuyển tiền đảm bảo của bưu điện tr&aacute;nh trường hợp để tiền trong phong b&igrave; v&agrave; gửi như thư b&igrave;nh thường bưu điện sẽ kh&ocirc;ng chấp nhận v&agrave; thu giữ tiền của qu&yacute; kh&aacute;ch trước khi đến Banhangdientu.com.<br />\r\n<strong>3. Thanh to&aacute;n Trực Tuyến&nbsp;:</strong><br />\r\n<strong>3.1. Thanh to&aacute;n qua Ng&acirc;n Lượng (www.nganluong.vn</strong>)<br />\r\n<img alt="" src="http://banhangdientu.com/uploads/thanh-toan/nganluong.jpg" style="height:78px; margin:0px; width:350px" /></div>\r\n\r\n<div style="background:transparent; border:0px; padding:0px">Bảo hiểm 100% gi&aacute; trị giao dịch khi thanh to&aacute;n qua Nganluong.vn<br />\r\nH&igrave;nh thức thanh to&aacute;n: Thanh To&aacute;n Ngay<br />\r\nEmail T&agrave;i khoản Ng&acirc;n Lượng: banhangdt@banhangdientu.com<br />\r\nL&yacute; do chuyển tiền: Mua linh kien &lt; M&atilde; đơn h&agrave;ng&gt;</div>\r\n\r\n<div style="background:transparent; border:0px; padding:0px"><br />\r\n<strong>IV - PHƯƠNG THỨC GIAO H&Agrave;NG :</strong><br />\r\n<img alt="" src="http://banhangdientu.com/uploads/thanh-toan/98902-royalty-free-rf.jpg" style="height:248px; margin:0px; width:450px" /><br />\r\n<br />\r\n<strong>1- Kh&aacute;ch H&agrave;ng Trong TPHCM&nbsp;</strong>:<br />\r\nT&ugrave;y v&agrave;o sản phẩm, Banghangdientu.com sẽ giao h&agrave;ng tận nơi trong khu vực nội th&agrave;nh Tp.HCM. Chi ph&iacute; vận chuyển t&ugrave;y thuộc v&agrave;o loại mặt h&agrave;ng v&agrave; địa chỉ giao h&agrave;ng.<br />\r\nBẢNG B&Aacute;O GI&Aacute; CHUYỂN H&Agrave;NG TRONG NỘI TH&Agrave;NH TP.HCM:\r\n<table border="1" cellpadding="0" cellspacing="0">\r\n	<tbody>\r\n		<tr>\r\n			<td style="width:319px">NƠI CHUYỂN</td>\r\n			<td style="width:319px">GI&Aacute;</td>\r\n		</tr>\r\n		<tr>\r\n			<td style="width:319px">Q.H&oacute;c&nbsp;M&ocirc;n, Q.Củ chi&nbsp;,Q.B&igrave;nh ch&aacute;nh, Q.Nh&agrave; b&egrave;</td>\r\n			<td style="width:319px">35,000đ</td>\r\n		</tr>\r\n		<tr>\r\n			<td style="width:319px">Q.2 , Q.Thủ Đức, Q.9, Q.12, Q.B&igrave;nh T&acirc;n ,Q.7</td>\r\n			<td style="width:319px">30,000đ</td>\r\n		</tr>\r\n		<tr>\r\n			<td style="width:319px">C&aacute;c quận c&ograve;n lại</td>\r\n			<td style="width:319px">25,000đ</td>\r\n		</tr>\r\n	</tbody>\r\n</table>\r\n<strong>2-Kh&aacute;ch H&agrave;ng ở Tỉnh :</strong></div>\r\n</div>\r\n\r\n<ul>\r\n	<li><strong>&nbsp;Dịch vụ chuyển ph&aacute;t nhanh EMS :&nbsp;</strong></li>\r\n</ul>\r\n\r\n<div style="background:transparent; border:0px; padding:0px">- gửi h&agrave;ng th&ocirc;ng qua chuyển ph&aacute;t nhanh EMS bưu điện to&agrave;n quốc,từ 1-3 ng&agrave;y. Tiền ph&iacute; vận chuyển kh&aacute;ch h&agrave;ng thanh to&aacute;n trước .\r\n<p>Ph&iacute; vận chuyển được t&iacute;nh theo sau:<br />\r\nKhối lượng &gt; 1kg: ph&iacute; vận chuyển t&iacute;nh trong b&aacute;o gi&aacute;<br />\r\nkhối lượng &lt; 1kg: Tham khảo</p>\r\n\r\n<table border="1" cellpadding="0" cellspacing="0">\r\n	<tbody>\r\n		<tr>\r\n			<td rowspan="2" style="height:30px; width:209px">\r\n			<p>T&ecirc;n h&agrave;ng h&oacute;a</p>\r\n			</td>\r\n			<td colspan="2" style="height:30px; width:417px">\r\n			<p>Ph&iacute; vận chuyển</p>\r\n			</td>\r\n		</tr>\r\n		<tr>\r\n			<td style="height:28px; width:209px">\r\n			<p>Dưới 300km(*)</p>\r\n			</td>\r\n			<td style="height:28px; width:209px">\r\n			<p>Tr&ecirc;n 300km(*)</p>\r\n			</td>\r\n		</tr>\r\n		<tr>\r\n			<td style="height:30px; width:209px">\r\n			<p>Linh kiện điện tử</p>\r\n			</td>\r\n			<td style="height:30px; width:209px">\r\n			<p>30.000 vnd</p>\r\n			</td>\r\n			<td style="height:30px; width:209px">\r\n			<p>40.000 vnd</p>\r\n			</td>\r\n		</tr>\r\n	</tbody>\r\n</table>\r\n\r\n<p>(*) Dưới 300 KM: gồm c&aacute;c tỉnh/tp B&agrave; Rịa - Vũng T&agrave;u, Bến Tre, B&igrave;nh Dương, B&igrave;nh Phước, Đồng Th&aacute;p, Long An, T&acirc;y Ninh, Tiền Giang, Tr&agrave; Vinh, Vĩnh Long, Đồng Nai v&agrave; c&aacute;c tỉnh/ tp c&oacute; s&acirc;n bay thương mại.<br />\r\n(*) Tr&ecirc;n 300 KM: Ngo&agrave;i c&aacute;c tỉnh/Tp tr&ecirc;n.</p>\r\n</div>\r\n\r\n<div style="background:transparent; border:0px; padding:0px">\r\n<div style="background:transparent; border:0px; padding:0px">Lưu &yacute; :&nbsp; Nếu nh&acirc;n vi&ecirc;n bưu điện kh&ocirc;ng&nbsp; t&igrave;m được địa chỉ họ sẽ tạm để ở bưu điện v&agrave;i ng&agrave;y v&agrave; điện thoại kh&aacute;ch h&agrave;ng ra nhận.</div>\r\n\r\n<ul>\r\n	<li><strong>Dịch vụ chuyển ph&aacute;t nhanh T&iacute;n Th&agrave;nh :&nbsp;</strong></li>\r\n</ul>\r\n\r\n<div style="background:transparent; border:0px; padding:0px">-Gửi h&agrave;ng đi to&agrave;n quốc,nhanh 1-3 ng&agrave;y.<br />\r\n-Sử dụng T&iacute;n Th&agrave;nh kh&aacute;ch h&agrave;ng c&oacute; thể trả tiền ph&iacute; vận chuyển l&uacute;c nhận h&agrave;ng v&agrave; ph&iacute; vận chuyển sẽ do T&iacute;n Th&agrave;nh t&iacute;nh với KH. (&aacute;p dụng t&ugrave;y tỉnh th&agrave;nh )</div>\r\n\r\n<ul>\r\n	<li><strong>Dịch vụ chuyển h&agrave;ng theo nh&agrave; xe :&nbsp;</strong></li>\r\n</ul>\r\n\r\n<div style="background:transparent; border:0px; padding:0px">- H&agrave;ng sẽ đến tận nh&agrave; hoặc đến c&aacute;c bến xe v&agrave; nh&agrave; xe ở c&aacute;c tỉnh th&agrave;nh.<br />\r\n- Vận chuyển h&agrave;ng nhanh hơn 2 dịch vụ tr&ecirc;n .(1, 2 ng&agrave;y&nbsp;)<br />\r\n- Gi&aacute; ph&iacute; chuyển rẻ th&iacute;ch hợp cho&nbsp; tất cả c&aacute;c loại h&agrave;ng ho&aacute;.<br />\r\nLưu &yacute;: sử dụng nh&agrave; xe kh&aacute;ch h&agrave;ng ra bến xe hoặc c&aacute;c ch&agrave;nh xe để nhận h&agrave;ng ,nếu kh&aacute;ch h&agrave;ng muốn sử dụng nh&agrave; xe n&agrave;o tiện để lấy h&agrave;ng th&igrave; xin b&aacute;o Banhangdientu.com biết t&ecirc;n nh&agrave; xe v&agrave; địa chỉ nh&agrave; xe tại TPHCM.&nbsp;</div>\r\n\r\n<ul>\r\n	<li><strong>Giao h&agrave;ng, nhận tiền trực tiếp:</strong></li>\r\n</ul>\r\n\r\n<div style="background:transparent; border:0px; padding:0px">- &Aacute;p dụng đối với địa phương c&oacute; cộng t&aacute;c vi&ecirc;n, đại l&yacute; của Banhangdientu.com. KH li&ecirc;n hệ nhận h&agrave;ng tại địa chỉ của cộng t&aacute;c vi&ecirc;n hoặc thỏa thuận địa điểm nhận h&agrave;ng. Danh s&aacute;ch c&aacute;c địa phương c&oacute; cộng t&aacute;c vi&ecirc;n xem ở phần&nbsp;<a href="http://banhangdientu.com/dat-mua-linh-kien/" target="_blank">Đặt mua linh kiện</a>.<br />\r\n<br />\r\n<strong>Mọi thắc mắc trong qu&aacute; tr&igrave;nh giao dịch vui l&ograve;ng gọi :<br />\r\n&nbsp;Tuấn 0902 730 930</strong></div>\r\n</div>\r\n\r\n<div style="background:transparent; border:0px; padding:0px"><br />\r\n&nbsp;</div>\r\n\r\n<p>&nbsp;</p>\r\n'),
(2, '<h2>A. CHẾ ĐỘ BẢO H&Agrave;NH</h2>\r\n\r\n<p>Tất cả c&aacute;c sản phẩm, linh kiện điện thoại của C&ocirc;ng ty Bksun&nbsp;cung cấp sẽ được thực hiện theo chế độ bảo h&agrave;nh đ&atilde;i ngộ theo c&aacute;c h&igrave;nh thức sau:</p>\r\n\r\n<p>C&aacute;c sản phẩm điện thoại được b&aacute;n ra trong v&ograve;ng 3 ng&agrave;y nếu c&oacute; lỗi từ ph&iacute;a nh&agrave; sản xuất sẽ được đổi ngay sản phẩm mới. C&aacute;c sản phẩm được bảo h&agrave;nh miễn ph&iacute; 12 th&aacute;ng kể từ ng&agrave;y mua h&agrave;ng&nbsp;(Ri&ecirc;ng sản phẩm RACER hưởng chế độ bảo h&agrave;nh đặc biệt 15 th&aacute;ng). Trong đ&oacute;:</p>\r\n\r\n<p>+ Pin sạc bảo h&agrave;nh 03 th&aacute;ng</p>\r\n\r\n<p>+ M&agrave;n h&igrave;nh v&agrave; cảm ứng bảo h&agrave;nh 1 th&aacute;ng</p>\r\n\r\n<p>+ Bảo h&agrave;nh&nbsp;12 th&aacute;ng&nbsp;cảm ứng v&agrave; m&agrave;n h&igrave;nh (&Aacute;p dụng từ sản phẩm Revo Lead 2 trở đi)</p>\r\n\r\n<p>Một số trường hợp kh&aacute;ch h&agrave;ng cần lưu &yacute;:</p>\r\n\r\n<p>C&aacute;c sản phẩm điện thoại của Bksun b&aacute;n ra đều được hưởng &quot;Chế độ bảo h&agrave;nh&quot; nhưng phải c&oacute; đầy đủ điều kiện bảo h&agrave;nh của c&ocirc;ng ty (Xem kỹ tại mục Quy định bảo h&agrave;nh)C&aacute;c phụ kiện đi k&egrave;m m&aacute;y (s&aacute;ch, đĩa, vỏ hộp...) kh&ocirc;ng được bảo h&agrave;nh nhưng Qu&yacute; kh&aacute;ch cần lưu &yacute; khi được đổi sản phẩm phải giữ lại to&agrave;n bộ phụ kiện. Bksun kh&ocirc;ng chịu tr&aacute;ch nhiệm về dữ liệu bộ nhớ hay c&aacute;c chương tr&igrave;nh của qu&yacute; kh&aacute;ch bị mất do lỗi kỹ thuật ph&aacute;t sinh</p>\r\n\r\n<h2>B. QUY ĐỊNH BẢO H&Agrave;NH - BẢO TR&Igrave;</h2>\r\n\r\n<h2>I. QUY ĐỊNH BẢO H&Agrave;NH</h2>\r\n\r\n<p>1. Nội dung bảo h&agrave;nh</p>\r\n\r\n<p>Bảo h&agrave;nh sản phẩm l&agrave; khắc phục những lỗi, sự cố kỹ thuật xảy ra do nh&agrave; sản xuất</p>\r\n\r\n<p>2. Quy định bảo h&agrave;nh</p>\r\n\r\n<p>Sản phẩm được bảo h&agrave;nh miễn ph&iacute; nếu sản phẩm c&ograve;n trong thời hạn bảo h&agrave;nh kể từ ng&agrave;y mua sản phẩm, sản phẩm được bảo h&agrave;nh theo thời gian ghi tr&ecirc;n phiếu bảo h&agrave;nh v&agrave; theo quy định của nh&agrave; sản xuất đối với tất cả sự cố về mặt kỹ thuậtC&oacute; phiếu bảo h&agrave;nh của c&ocirc;ng ty Bksun ghi đầy đủ số IMEI</p>\r\n\r\n<p>3. Những trường hợp kh&ocirc;ng được bảo h&agrave;nh</p>\r\n\r\n<p>Sản phẩm đ&atilde; hết thời gian bảo h&agrave;nh hay mất Phiếu bảo h&agrave;nh</p>\r\n\r\n<p>Số m&atilde; vạch, số IMEI tr&ecirc;n sản phẩm kh&ocirc;ng x&aacute;c định được hoặc kh&ocirc;ng đ&uacute;ng so với Phiều bảo h&agrave;nh</p>\r\n\r\n<p>C&aacute;c sản phẩm khi mang đến bảo h&agrave;nh bị biến dạng cơ học, bị va đập, l&agrave;m sứt, m&eacute;o, vỡ, trầy xước mặt k&iacute;nh cảm ứng, ch&aacute;y, hỏng do hoen gỉ, chảy nước, động vật x&acirc;m nh&acirc;p v&agrave;o, thi&ecirc;n tai hỏa hoạn, sử dụng sai điện &aacute;p...</p>\r\n\r\n<p>Hư hỏng do kh&aacute;ch h&agrave;ng g&acirc;y n&ecirc;n hoặc sử dụng kh&ocirc;ng đ&uacute;ng c&aacute;ch theo hương dẫn sử dụng .</p>\r\n\r\n<p>Tự &yacute; th&aacute;o dỡ, sửa chữa bởi những c&aacute; nh&acirc;n hoặc kỹ thuật vi&ecirc;n kh&ocirc;ng phải nh&acirc;n vi&ecirc;n của Bksun</p>\r\n\r\n<p>C&aacute;c phần mềm k&egrave;m theo m&aacute;y hoặc c&aacute;c lỗi hư hỏng về phần mềm</p>\r\n\r\n<p>C&aacute;c loại thiết bị ti&ecirc;u hao trong qu&aacute; tr&igrave;nh sử dụng như pin, c&ocirc;ng tắc nguồn, tai nghe theo thiết bị, d&acirc;y c&aacute;p, vỏ...</p>\r\n\r\n<p>Khi bảo h&agrave;nh nếu phải thay thế thiết bị mới th&igrave; Qu&yacute; kh&aacute;ch h&agrave;ng vui l&ograve;ng chịu th&ecirc;m chi ph&iacute; bổ sung do nh&agrave; sản xuất quy định</p>\r\n\r\n<p>Bảo h&agrave;nh kh&ocirc;ng bao gồm vận chuyển v&agrave; giao h&agrave;ng</p>\r\n\r\n<p>Đối với kh&aacute;ch h&agrave;ng từ xa, c&aacute;c sản phẩm khi gửi bảo h&agrave;nh phải đ&oacute;ng g&oacute;i đ&uacute;ng quy c&aacute;ch, b&ecirc;n trong k&egrave;m phiếu bảo h&agrave;nh v&agrave; ghi r&otilde; địa chỉ người gửi, điện thoại li&ecirc;n hệ... v&agrave; gửi đ&uacute;ng về địa chỉ Trung t&acirc;m bảo h&agrave;nh của Bksun. Ch&uacute;ng t&ocirc;i kh&ocirc;ng chịu tr&aacute;ch nhiệm v&agrave; bảo h&agrave;nh trong trường hợp sản phẩm bị thất lạc, rơi vỡ tr&ecirc;n đường vận chuyển.</p>\r\n\r\n<p>M&aacute;y bị ẩm ướt hoặc ảnh hưởng do c&aacute;c điều kiện m&ocirc;i trường n&oacute;ng ẩm hoặc những thay đổi nhanh ch&oacute;ng trong những điều kiện đ&oacute;, bị b&agrave;o m&ograve;n, oxy h&oacute;a, bị thức ăn hoặc chất lỏng đổ v&agrave;o hoặc bị ảnh hưởng bởi c&aacute;c sản phẩm h&oacute;a học.</p>\r\n\r\n<h2>II. BẢO TR&Igrave;</h2>\r\n\r\n<p>Bao gồm c&agrave;i đặt sửa chữa c&aacute;c lỗi phần mềm v&agrave; c&aacute;c sự cố nhỏ (Kh&ocirc;ng bao gồm thay thế c&aacute;c thiết bị)</p>\r\n\r\n<h2>III. C&Aacute;C LƯU &Yacute; QUAN TRỌNG</h2>\r\n\r\n<p>Sản phẩm của bạn l&agrave; một thiết bị điện tử phức tạp ,c&oacute; thể c&oacute; m&agrave;n h&igrave;nh độ ch&iacute;nh x&aacute;c cao ,ống k&iacute;nh m&aacute;y ảnh v&agrave; c&aacute;c bộ phận kh&aacute;c c&oacute; thể bị hư hỏng ,trầy xước nếu kh&ocirc;ng cẩn thận.Tất cả th&ocirc;ng tin về bảo h&agrave;nh ,t&iacute;nh năng v&agrave; đặc điểm của sản phẩm c&oacute; thể thay đổi m&agrave; kh&ocirc;ng cần th&ocirc;ng b&aacute;o trước.</p>\r\n\r\n<h2>IV. CAM KẾT VỀ THỜI GIAN SỬA CHỮA</h2>\r\n\r\n<p>1. Đối với m&aacute;y trong bảo h&agrave;nh<br />\r\n2. Đối với m&aacute;y ngo&agrave;i bảo h&agrave;nhTrường hợp hết linh kiện, phụ kiện, nh&acirc;n vi&ecirc;n TTBH sẽ gọi điện th&ocirc;ng b&aacute;o thời gian trả m&aacute;y, ch&uacute;ng t&ocirc;i sẽ cố gắng trả m&aacute;y cho qu&yacute; kh&aacute;ch sớm nhất c&oacute; thể.</p>\r\n\r\n<p>Trong v&ograve;ng 03 ng&agrave;y kể từ ng&agrave;y nhận m&aacute;y: Qu&yacute; kh&aacute;ch h&agrave;ng sẽ nhận được th&ocirc;ng b&aacute;o từ TTBH về lỗi m&aacute;y, t&igrave;nh trạng m&aacute;y, t&igrave;nh trạng linh kiện thay thế, chi ph&iacute; c&aacute;c loại linh phụ kiện thay thế (nếu c&oacute;).</p>\r\n\r\n<p>Thời gian trả lại m&aacute;y cho kh&aacute;ch h&agrave;ng: Trong v&ograve;ng từ 05 đến 07 ng&agrave;y kể từ ng&agrave;y nhận m&aacute;y đối với tất cả c&aacute;c trường hợp m&aacute;y hư hỏng.</p>\r\n'),
(3, '<p><strong>1. Cửa h&agrave;ng linh kiện&nbsp;BKsun?</strong><br />\r\nTầng 1, T&ograve;a nh&agrave; B10, Trường đại học B&aacute;ch Khoa&nbsp;H&agrave; Nội.<br />\r\n<br />\r\n<strong>2. Cửa h&agrave;ng linh kiện&nbsp;Bksun&nbsp;mở cửa v&agrave;o thời gian n&agrave;o?</strong><br />\r\nChiều thứ hai từ 1h đến 5h.<br />\r\nThứ ba đến thứ năm: từ 8h s&aacute;ng đến 12h trưa, chiều từ 1h đến 5h.<br />\r\nĐ&oacute;ng cửa v&agrave;o c&aacute;c ng&agrave;y cuối tuần, c&aacute;c ng&agrave;y nghỉ lễ của Việt Nam&nbsp;<br />\r\n<br />\r\n<strong>3. Bằng c&aacute;ch n&agrave;o t&ocirc;i c&oacute; thể tới cửa h&agrave;ng&nbsp;Bksun?</strong><br />\r\nBạn cần mang theo chứng minh thư nh&acirc;n d&acirc;n hoặc hộ chiếu hoặc thẻ sinh vi&ecirc;n để được v&agrave;o Trung t&acirc;m .&nbsp;Trẻ em dưới 14 tuổi phải c&oacute; người lớn k&egrave;m theo.<br />\r\n<br />\r\n<strong>4. L&agrave;m c&aacute;ch n&agrave;o t&ocirc;i c&oacute; thể trở th&agrave;nh một th&agrave;nh vi&ecirc;n của Cửa h&agrave;ng&nbsp;?</strong><br />\r\nBạn h&atilde;y đăng k&iacute; trực tuyến theo đường link sau: http://localhost/bksun/?page=register</p>\r\n\r\n<p><br />\r\n<strong>5. T&ocirc;i c&oacute; thể mượn s&aacute;ch v&agrave; sử dụng c&aacute;c dịch vụ của Cửa h&agrave;ng&nbsp;như thế n&agrave;o?</strong><br />\r\nBạn h&atilde;y đăng k&iacute; trực tuyến tại đường link sau:&nbsp;http://localhost/bksun/?page=register<br />\r\n<br />\r\n<strong>6. Bằng c&aacute;ch n&agrave;o t&ocirc;i c&oacute; thể cập nhật những sự kiện của Cửa h&agrave;ng&nbsp;?</strong><br />\r\nBạn c&oacute; thể cập nhật những sự kiện h&agrave;ng th&aacute;ng tại BKSUN Group&nbsp;qua website hoặc qua Facebook của Bksun:&nbsp;<a href="https://www.facebook.com/usembassyhanoi" target="_blank">https://www.facebook.com/b</a>ksun<br />\r\n<br />\r\n<strong>7. Những dịch vụ tại Cửa h&agrave;ng&nbsp;l&agrave; g&igrave;?</strong><br />\r\nNgo&agrave;i những dịch vụ mua b&aacute;n h&agrave;ng h&oacute;a v&agrave; đọc t&agrave;i liệu, trong thời gian tới ch&uacute;ng t&ocirc;i sẽ cập nhật th&ecirc;m nhiều t&iacute;nh năng như Game, Nghe nhạc...<br />\r\n<br />\r\n<strong>9. Tại Cửa h&agrave;ng&nbsp;c&oacute; c&aacute;c qui định g&igrave; kh&ocirc;ng?</strong><br />\r\nTất cả những qui định Cửa h&agrave;ng&nbsp;đều được in ra v&agrave; được đặt tại B&agrave;n trợ gi&uacute;p nếu bạn đọc cần.<br />\r\n<br />\r\n<strong>10. T&ocirc;i c&oacute; thể gửi xe ở đ&acirc;u?</strong><br />\r\nBạn c&oacute; thể gửi xe tại Givral Caf&eacute; (ngay cạnh T&ograve;a Nh&agrave; Vườn Hồng). Tại B&agrave;n trợ gi&uacute;p, bạn n&ecirc;n hỏi nh&acirc;n vi&ecirc;n để lấy &ldquo;Thẻ cho ph&eacute;p gửi xe&rdquo; để tr&igrave;nh cho bảo vệ của Givral Caf&eacute;. Ph&iacute; cho mỗi lần gửi l&agrave; 2,000đ cho xe đạp v&agrave; 3,000đ đối với xe m&aacute;y.<br />\r\n<br />\r\n<strong>11. Ở Cửa h&agrave;ng&nbsp;c&oacute; những loại s&aacute;ch sản phẩm n&agrave;o?</strong><br />\r\nTại Trung t&acirc;m c&oacute; h&agrave;ng ng&agrave;n loại s&aacute;ch thuộc nhiều thể loại kh&aacute;c nhau, từ lịch sử, luật, ch&iacute;nh trị, nghệ thuật, kinh tế, s&aacute;ch dạy kỹ năng mềm, truyện cho trẻ em, thể thao, khoa học,&nbsp; s&aacute;ch luyện thi IELTS, TOEFL, SAT v&agrave; TOEIC. Th&ecirc;m v&agrave;o đ&oacute;, c&oacute; rất nhiều c&aacute;c cuốn tạp ch&iacute; nổi tiếng.<br />\r\n<br />\r\n<strong>12. Những loại s&aacute;ch n&agrave;o t&ocirc;i c&oacute; thể mượn hoặc mang về nh&agrave; miễn ph&iacute;?</strong><br />\r\nSau khi đ&atilde; đăng k&yacute; th&agrave;nh c&ocirc;ng để mượn s&aacute;ch, bạn c&oacute; thể mượn hầu hết tất cả c&aacute;c s&aacute;ch tại Trung t&acirc;m trong v&ograve;ng 12 ng&agrave;y v&agrave; s&aacute;ch học tiếng Anh trong 3 ng&agrave;y l&agrave;m việc. Bạn kh&ocirc;ng thể mượn những cuốn s&aacute;ch về linh kiện như IC, LED, Thạch anh...&nbsp;những cuốn s&aacute;ch n&agrave;y chỉ được d&ugrave;ng trong cửa h&agrave;ng&nbsp;Ch&uacute;ng t&ocirc;i c&ograve;n c&oacute; những cuốn s&aacute;ch miễn ph&iacute; m&agrave; bạn c&oacute; thể mang về một cuốn mỗi ng&agrave;y.<br />\r\n<br />\r\n<strong>13. T&ocirc;i c&oacute; thể hỏi ai nếu t&ocirc;i c&oacute; thắc mắc g&igrave; tại Cửa h&agrave;ng?</strong><br />\r\nH&atilde;y đi tới B&agrave;n trợ gi&uacute;p để được gi&uacute;p đỡ. Ch&uacute;ng t&ocirc;i c&oacute; một đội ngũ gồm 8 thực tập sinh v&agrave; 4 nh&acirc;n vi&ecirc;n sẵn s&agrave;ng gi&uacute;p đỡ bạn.<br />\r\n<br />\r\n<strong>14. Cửa h&agrave;ng&nbsp;c&oacute; lớp tiếng Anh thường xuy&ecirc;n kh&ocirc;ng?</strong><br />\r\nCh&uacute;ng t&ocirc;i kh&ocirc;ng tổ chức c&aacute;c lớp học Tiếng Anh, tuy vậy, ch&uacute;ng t&ocirc;i c&oacute; rất nhiều c&aacute;c hoạt động, những buổi n&oacute;i chuyện, c&aacute;c buổi thảo luận v&agrave; thuyết tr&igrave;nh bằng Tiếng Anh m&agrave; c&oacute; thể gi&uacute;p mọi người n&acirc;ng cao những kỹ năng tiếng Anh của m&igrave;nh như: nghe, n&oacute;i, đọc, viết.</p>\r\n');

-- --------------------------------------------------------

--
-- Table structure for table `tbl_documents`
--

CREATE TABLE IF NOT EXISTS `tbl_documents` (
  `doc_id` int(10) unsigned NOT NULL AUTO_INCREMENT,
  `doc_title` longtext NOT NULL,
  `doc_content` longtext NOT NULL,
  `doc_type` varchar(50) NOT NULL,
  `doc_vip` int(11) NOT NULL,
  `doc_summary` longtext NOT NULL,
  PRIMARY KEY (`doc_id`)
) ENGINE=InnoDB  DEFAULT CHARSET=utf8 AUTO_INCREMENT=25 ;

--
-- Dumping data for table `tbl_documents`
--

INSERT INTO `tbl_documents` (`doc_id`, `doc_title`, `doc_content`, `doc_type`, `doc_vip`, `doc_summary`) VALUES
(1, 'Hướng dẫn lắp ráp mạch nạp Acquy tự động', '<p><strong>H&acirc;n hạnh giới thiệu đến c&aacute;c bạn một mạch nạp c&oacute; khả năng tự động ngắt mạch khi b&igrave;nh đầy nhằm bảo vệ tốt nhất cho ắc quy .</strong></p>\r\n\r\n<div style="background:rgb(241, 241, 241); border:0px; padding:8px">\r\n<p>&nbsp;Tr&ecirc;n thực tế th&igrave; mạch nạp cho ắc quy rất đơn giản chỉ cần một con diot chỉnh lưu l&agrave; đủ , nhưng như thế rất hại cho b&igrave;nh khi đ&atilde; đầy điện m&agrave; vẫn nạp tiếp.</p>\r\n\r\n<p>Dựa tr&ecirc;n cơ sở so s&aacute;nh điện &aacute;p của ic khuếch đại thuật to&aacute;n đối chiếu với lưu lượng điện trong b&igrave;nh m&agrave; mạch dưới đ&acirc;y c&oacute; khả năng nạp tự động điều chỉnh lượng điện &aacute;p nạp cho b&igrave;nh .<img alt="Hướng dẩn lắp ráp mạch nạp Acquy tự động" src="http://hc.serveftp.com/uploads/dien-tu/2012_11/acqui1.jpg" style="height:162px; margin:0px; width:450px" /></p>\r\n\r\n<p><strong>Nguy&ecirc;n l&yacute; hoạt động rất đơn giản như sau :</strong></p>\r\n\r\n<p>Diot zen tạo điện &aacute;p tham chiếu ở đ&acirc;y sử dụng dieenot zen 6V . Nhờ diot n&agrave;y m&agrave; điện &aacute;p tham chiếu v&agrave;o ch&acirc;n 2 lu&ocirc;n được giữ cố định d&ugrave; b&igrave;nh đ&atilde; vơi điện .<br />\r\nBiến trở v&agrave; c&aacute;c điện trở ph&acirc;n &aacute;p v&agrave;o ch&acirc;n số 3 lấy điện &aacute;p thực tế của b&igrave;nh so s&aacute;nh với điện &aacute;p tham chiếu ở ch&acirc;n số 2 . Khi điện &aacute;p của b&igrave;nh chưa đầy điện &aacute;p ở ch&acirc;n số 3 nhỏ hơn điện &aacute;p ch&acirc;n 2 đầu ra khuếch đại thuật to&aacute;n ở mức 0 , role chưa c&oacute; điện &aacute;p k&iacute;ch mở , d&ograve;ng điện được nạp ở b&igrave;nh nhờ điot cầu . Khi b&igrave;nh đầy ch&acirc;n ch&acirc;n số 3 điện &aacute;p lớn hơn điện &aacute;p so s&aacute;nh , l&uacute;c n&agrave;y ch&acirc;n 6 cấp d&ograve;ng k&iacute;ch mở tran đ&oacute;ng điện cho role , khi đ&oacute; sẽ c&aacute;ch ly b&igrave;nh với d&ograve;ng nạp , đ&egrave;n led b&aacute;o s&aacute;ng , khi đ&oacute; ta c&oacute; thể ngắt b&igrave;nh ra được ,</p>\r\n\r\n<p>Ch&uacute; &yacute; b&igrave;nh ắc quy đầy ở điện &aacute;p tầm 13,7V sử dụng biến trở điều chỉnh đ&uacute;ng điện &aacute;p sao cho role tự ngắt ở điện &aacute;p n&agrave;y ,<br />\r\nnếu k c&oacute; diot zen 6v th&igrave; d&ugrave;ng 3 v vẫn được nhưng cần ph&acirc;n &aacute;p lại<br />\r\nic ở đ&acirc;y l&agrave; Lm741 c&oacute; thể thay thế bằng c&aacute;c loại kh&aacute;c như Lm358, 324&hellip; cần x&aacute;c định đ&uacute;ng ch&acirc;n trước khi sử d&ugrave;ng.<br />\r\nD&ograve;ng nạp nhỏ hơn 1/10 dung lượng ắc quy sẽ k&eacute;o d&agrave;i tuổi thọ của b&igrave;nh , vd b&igrave;nh 25a th&igrave; biến &aacute;p chọn loại 3a l&agrave; hợp l&yacute;.<br />\r\nRole se k đ&oacute;ng ngay lập tức m&agrave; từ từ do đ&oacute; sẽ điều chỉnh được d&ograve;ng nạp hợp l&yacute; ta kh&ocirc;ng cần băn khoăn về điều n&agrave;y</p>\r\n\r\n<p><strong>Mạch in :</strong></p>\r\n\r\n<p><img alt="Hướng dẩn lắp ráp mạch nạp Acquy tự động" src="http://hc.serveftp.com/uploads/dien-tu/2012_11/acqui2.jpg" style="height:211px; margin:0px; width:450px" /></p>\r\n</div>', 'trick', 1, 'Hân hạnh giới thiệu đến các bạn một mạch nạp có khả năng tự động ngắt mạch khi bình đầy nhằm bảo vệ tốt nhất cho ắc quy.'),
(2, 'Thiết kế mạch Demo led cube 8x8x8', '<p><strong>Bản demo led cube 8x8x8 . thử tr&ecirc;n 89S52 , ch&uacute;ng t&ocirc;i khuy&ecirc;n c&aacute;c bạn kh&ocirc;ng n&ecirc;n l&agrave;m ledcube với loại vdk n&agrave;y , thứ nhất tr&igrave;nh bi&ecirc;n dich kh&ocirc;ng hỗ trợ mảng nhiều chiều tốt , đưa mảng [10][8] tr&igrave;nh keliC b&aacute;o lỗi tr&agrave;n bộ nhớ trong khi với AVR viết bao nhi&ecirc;u t&ugrave;y th&iacute;ch .</strong></p>\r\n\r\n<div style="background:rgb(241, 241, 241); border:0px; padding:8px">\r\n<p>Thứ 2 quan trọng nhất l&agrave; bộ nhớ với việc xuất 64 bit một l&uacute;c th&igrave; chắc tầm 5,6 hiệu ứng l&agrave; full rồi. Ở bản demo n&agrave;y&nbsp;chu1ng t&ocirc;i&nbsp;sử dụng 74hc595 qu&eacute;t cột v&agrave; uln2803 qu&eacute;t lớp , với 8x8x8 ta c&oacute; thể sử dụng th&agrave;nh một led matrix để chạy chữ,.Chế độ qu&eacute;t giống như matrix 8&times;8 tự update code khi thay đổi chuỗi k&yacute; tự (chi tiết xem video ph&iacute;a dưới).</p>\r\n\r\n<p>Phi&ecirc;n bản thử nghiệm tr&ecirc;n 89s52 . C&ograve;n đ&acirc;y l&agrave; một số h&igrave;nh ảnh về bản demo n&agrave;y :</p>\r\n\r\n<p><strong>Khối led :</strong></p>\r\n\r\n<p><img alt="Thiết kế mạch Demo led cube 8x8x8" src="http://hc.serveftp.com/uploads/dien-tu/2012_11/laptop00160.jpg" style="height:360px; margin:0px; width:450px" /></p>\r\n\r\n<p><img alt="Thiết kế mạch Demo led cube 8x8x8" src="http://hc.serveftp.com/uploads/dien-tu/2012_11/laptop00161.jpg" style="height:338px; margin:0px; width:450px" /></p>\r\n\r\n<p><strong>Sơ đồ nguy&ecirc;n l&yacute; :</strong></p>\r\n\r\n<p>&nbsp;</p>\r\n\r\n<div style="background:transparent; border:0px; padding:0px"><img alt="Thiết kế mạch Demo led cube 8x8x8" src="http://hc.serveftp.com/uploads/dien-tu/2012_11/laptop00162.jpg" style="height:245px; margin:0px; width:450px" /></div>\r\n\r\n<p>&nbsp;</p>\r\n\r\n<p><strong>Mạch in :</strong></p>\r\n\r\n<p>&nbsp;</p>\r\n\r\n<div style="background:transparent; border:0px; padding:0px"><img alt="Thiết kế mạch Demo led cube 8x8x8" src="http://hc.serveftp.com/uploads/dien-tu/2012_11/laptop00163.jpg" style="height:218px; margin:0px; width:450px" /></div>\r\n\r\n<p>&nbsp;</p>\r\n\r\n<p><strong>Mạch thực tế :</strong></p>\r\n\r\n<p><img alt="Thiết kế mạch Demo led cube 8x8x8" src="http://hc.serveftp.com/uploads/dien-tu/2012_11/laptop00164.jpg" style="height:338px; margin:0px; width:450px" /></p>\r\n\r\n<p><strong>lập tr&igrave;nh :</strong>&nbsp;<img alt="Thiết kế mạch Demo led cube 8x8x8" src="http://hc.serveftp.com/uploads/dien-tu/2012_11/laptop00165.jpg" style="height:338px; margin:0px; width:450px" /></p>\r\n\r\n<p><strong>Video demo :</strong></p>\r\n\r\n<p>&nbsp;</p>\r\n\r\n<p>&nbsp;</p>\r\n\r\n<p>Bản ch&iacute;nh thức sẽ ra mắt trong thời gian sớm nhất .&nbsp;</p>\r\n</div>', 'trick', 1, 'Đây là bản demo led cube 8x8x8 . thử trên 89S52 , chúng tôi khuyên các bạn không nên làm ledcube với loại vdk này , thứ nhất trình biên dich không hỗ trợ mảng nhiều chiều tốt , đưa mảng [10][8] trình keliC báo lỗi tràn bộ nhớ trong khi với AVR viết bao nhiêu tùy thích.'),
(3, 'Mạch nghịch lưu 1 pha 12V to 220V', '<p><strong>Như ch&uacute;ng ta đ&atilde; biết để việc tạo ra d&ograve;ng điện l&agrave; bước tiến vĩ đại trong lịch sử lo&agrave;i người .Để sản xuất ra d&ograve;ng điện xoay chiều c&oacute; rất nhiều phương ph&aacute;p như thủy điện,nhiệt điện .</strong></p>\r\n\r\n<p><img alt="Mạch nghịch lưu 1 pha 12V to 220V" src="http://hc.serveftp.com/uploads/dien-tu/2012_05/clip_image001_1.jpg" style="height:417px; margin:0px; width:450px" /></p>\r\n\r\n<p>&nbsp;</p>\r\n\r\n<p><strong>Phần I</strong><br />\r\n<em><strong>Cơ sở l&yacute; thuyết</strong></em></p>\r\n\r\n<p>Nh&igrave;n chung c&aacute;c phương ph&aacute;p tr&ecirc;n &aacute;p dụng cho sản xuất điện c&ocirc;ng nghiệp , c&ograve;n với c&aacute;c hộ gia đ&igrave;nh khi nguồn điện c&ocirc;ng nghiệp bị cắt phương ph&aacute;p chủ yếu được sử dụng ở đ&acirc;y l&agrave; nghịch lưu d&ograve;ng điện một chiều th&agrave;nh xoay chiều. Dựa tr&ecirc;n phương ph&aacute;p đ&oacute; nh&oacute;m đưa ra sơ đồ nguy&ecirc;n l&yacute; tạo điện &aacute;p xoay chiều từ d&ograve;ng một chiều.</p>\r\n\r\n<p><img alt="Mạch nghịch lưu 1 pha 12V to 220V" src="http://hc.serveftp.com/uploads/dien-tu/2012_05/clip_image002_1.jpg" style="height:203px; margin:0px; width:450px" /></p>\r\n\r\n<p><strong>I,Khối nguồn</strong><br />\r\nNguồn điện được sử dụng ở đ&acirc;y l&agrave; nguồn điện một chiều lấy từ b&igrave;nh ắc quy .Thời gian sử dụng phụ thuộc chủ yếu v&agrave;o dung<br />\r\nlượng lưu trữ của ắc quy .C&ocirc;ng thức t&iacute;nh c&ocirc;ng suất ph&aacute;t của acquy như sau: P=u.i<br />\r\nv&iacute; dụ: acquy 12v 100Ah th&igrave; c&ocirc;ng suất ph&aacute;t :12.100=1200w<br />\r\nNếu chạy b&oacute;ng đ&egrave;n compac 20w sẽ được 60 giờ .</p>\r\n\r\n<p><strong>II, Khối tạo tần số 50Hz</strong><br />\r\nNhiệm vụ của khối tạo ra s&oacute;ng dao động đưa v&agrave;o khối c&ocirc;ng suất với tần số điện c&ocirc;ng nghiệp. S&oacute;ng ở đ&acirc;y thường l&agrave; hai dạng ch&iacute;nh l&agrave; h&igrave;nh sin hoặc vu&ocirc;ng .Thường th&igrave; khối c&ocirc;ng suất trở kh&aacute;ng đầu v&agrave;o rất nhỏ n&ecirc;n tr&ecirc;n thực tế ch&uacute;ng ta cần một khối khuyếch đại đệm nhiệm vụ ổn định khối ph&aacute;t xung dao động giảm trở kh&aacute;ng đầu v&agrave;o cho tầng c&ocirc;ng suất.</p>\r\n\r\n<p><strong>III,Khối c&ocirc;ng suất</strong><br />\r\nTừ dạng s&oacute;ng nhận được từ khối ph&aacute;t khối c&ocirc;ng suất sẽ khuyếch đại đưa đến biến &aacute;p tạo điện &aacute;p xoay chiều. Thường th&igrave; khối n&agrave;y sử dụng c&aacute;c linh kiện c&ocirc;ng suất như thysistor transistor chịu d&ograve;ng lớn như D718,2N3055&hellip;.y&ecirc;u cầu cho khối n&agrave;y hoạt động tốt cần c&oacute; hệ thống tản nhiệt l&agrave;m m&aacute;t.</p>\r\n\r\n<p>IV,Biến &aacute;p nghịch lưu<br />\r\nĐ&acirc;y l&agrave; th&agrave;nh phần ch&iacute;nh quyết định tới c&ocirc;ng suất ph&aacute;t của mạch. Biến &aacute;p được sử dụng l&agrave; biến &aacute;p nghịch lưu c&oacute; tỷ số v&ograve;ng d&acirc;y của cuộn thứ cấp lớn hơn rất nhiều cuộn sơ cấp.C&ocirc;ng suất của mạch được t&iacute;nh như sau: Pmax=U.I<br />\r\nVới I l&agrave; d&ograve;ng điện biến &aacute;p chịu được<br />\r\nU l&agrave; hiệu điện thế đặt v&agrave;o cuộn sơ cấp<br />\r\nV&iacute; dụ một biến &aacute;p nghịch lưu 12V220V d&ograve;ng điện 40A<br />\r\nC&ocirc;ng suất tối đa của mạch sẽ l&agrave;:12.40=480W chạy được một ti vi 2 quạt v&agrave; 3 b&oacute;ng t&iacute;p 40W</p>\r\n\r\n<p><strong>Phần II</strong></p>\r\n\r\n<p><em><strong>Sơ đồ mạch</strong></em></p>\r\n\r\n<p>C&aacute;c bạn c&oacute; thể thực hiện theo 1 trong c&aacute;c sơ đồ sau :</p>\r\n\r\n<p><img alt="Mạch nghịch lưu 1 pha 12V to 220V" src="http://hc.serveftp.com/uploads/dien-tu/2012_05/dientu00045.jpg" style="height:265px; margin:0px; width:450px" /></p>\r\n\r\n<p><img alt="Mạch nghịch lưu 1 pha 12V to 220V" src="http://hc.serveftp.com/uploads/dien-tu/2012_11/dientu00046_1.jpg" style="height:244px; margin:0px; width:450px" /></p>\r\n\r\n<p><img alt="Mạch nghịch lưu 1 pha 12V to 220V" src="http://hc.serveftp.com/uploads/dien-tu/2012_11/dientu00047.jpg" style="height:293px; margin:0px; width:450px" /></p>\r\n\r\n<p><img alt="Mạch nghịch lưu 1 pha 12V to 220V" src="http://hc.serveftp.com/uploads/dien-tu/2012_11/dientu00048.jpg" style="height:264px; margin:0px; width:450px" /></p>\r\n\r\n<p>C&ograve;n đ&acirc;y l&agrave; mạch m&igrave;nh thiết kế trong đồ &aacute;n :</p>\r\n\r\n<p><img alt="Mạch nghịch lưu 1 pha 12V to 220V" src="http://hc.serveftp.com/uploads/dien-tu/2012_05/clip_image005.jpg" style="height:204px; margin:0px; width:510px" /></p>\r\n\r\n<p>Ch&uacute;ng ta cần quan t&acirc;m đến IC CD4047<br />\r\n<strong>Chức năng:</strong>&nbsp;tạo s&oacute;ng vu&ocirc;ng hai nửa chu kỳ.<br />\r\nĐ&acirc;y l&agrave; ic gồm 14 ch&acirc;n đ&oacute;ng g&oacute;i dạng dip 100T. Điện &aacute;p hoạt động trong khoảng từ 3 đến 15 V. Ch&uacute;ng ta cần quan t&acirc;m tới chức năng của c&aacute;c ch&acirc;n sau:<br />\r\nCh&acirc;n 1 đầu v&agrave;o tụ C<br />\r\nCh&acirc;n 2 đầu v&agrave;o điện trở R<br />\r\nCh&acirc;n 3 đầu v&agrave;o R-C tạo dao động với tần số định sẵn<br />\r\nCh&acirc;n 10 đầu ra xung vu&ocirc;ng b&aacute;n chu kỳ dương<br />\r\nCh&acirc;n 11 đầu ra xung vu&ocirc;ng b&aacute;n chu kỳ &acirc;m<br />\r\nCh&acirc;n 7 cấp nguồn &acirc;m<br />\r\nCh&acirc;n 14 cấp nguồn dương<br />\r\nTần số của xung vu&ocirc;ng ra được t&iacute;nh theo c&ocirc;ng thức:</p>\r\n\r\n<p>T= 2,.48RC<img alt="Mạch nghịch lưu 1 pha 12V to 220V" src="http://hc.serveftp.com/uploads/dien-tu/2012_11/dientu00049.jpg" style="height:180px; margin:0px; width:450px" /></p>\r\n\r\n<p><strong>Ph&acirc;n t&iacute;ch mạch điện :</strong><br />\r\nĐầu ti&ecirc;n IC 4047 ph&aacute;t ra s&oacute;ng vu&ocirc;ng với hai nửa chu kỳ.Với C=0,1uF ta điều chỉnh biến trở để tần số hoạt động l&agrave; 50Hz .<br />\r\nT&iacute;n hiệu s&oacute;ng vu&ocirc;ng được xuất ra tr&ecirc;n c&aacute;c ch&acirc;n 10,11 k&iacute;ch mở tran H1061,ở đ&acirc;y n&oacute; hoạt động như một kh&oacute;a điện tử.<br />\r\nTrasistor H1061 l&agrave; tran c&ocirc;ng suất tầm trung nhiệm vụ trong mạch k&iacute;ch mở tầng tran c&ocirc;ng suất lớn. Cụ thể khi c&oacute; t&iacute;n hiệu từ Ic lm358 đưa v&agrave;o tran mở khi đ&oacute; điện &aacute;p của t&iacute;n hiệu được khuyếch đại đủ để k&iacute;ch mở cặp tran D718<br />\r\nCặp tran c&ocirc;ng suất D718 hoạt động như một kh&oacute;a điện tử đ&oacute;ng ngắt li&ecirc;n tục với tần số 50Hz của bộ ph&aacute;t xung .Từ sự đ&oacute;ng ngắt n&agrave;y d&ograve;ng điện qua biến &aacute;p thay đổi theo dạng t&iacute;n hiệu s&oacute;ng vu&ocirc;ng .Ở chu kỳ dương cuộn L1 của phần sơ cấp được cấp nguồn , điện &aacute;p ở đầu ra được khuyếch đại theo tỷ số v&ograve;ng d&acirc;y của biến &aacute;p. L&uacute;c n&agrave;y đầu ra l&agrave; chu kỳ dương .Ngược lại ở chu kỳ &acirc;m cuộn L2 của phần sơ cấp được cấp điện ,điện &aacute;p đầu ra l&agrave; chu kỳ &acirc;m của t&iacute;n hiệu.<br />\r\nDo đ&oacute; đầu ra của biến &aacute;p điện &aacute;p l&agrave; d&ograve;ng điện xoay chiều tần số 50Hz ,dạng s&oacute;ng vu&ocirc;ng.</p>\r\n\r\n<p><strong>Mạch điện thực tế :</strong><br />\r\n&nbsp;</p>\r\n\r\n<p><img alt="Mạch nghịch lưu 1 pha 12V to 220V" src="http://hc.serveftp.com/uploads/dien-tu/2012_11/dientu00050.jpg" style="height:562px; margin:0px; width:441px" /></p>', 'trick', 1, 'Việc tạo ra dòng điện là bước tiến vĩ đại trong lịch sử loài người .Để sản xuất ra dòng điện xoay chiều có rất nhiều phương pháp như thủy điện,nhiệt điện.'),
(4, 'Mạch nguồn 5V có mức ổn định tốt với IC 7805', '<p><strong>Ch&uacute;ng ta biết tr&ecirc;n thị trường lu&ocirc;n c&oacute; b&aacute;n c&aacute;c ic ổn &aacute;p 3 ch&acirc;n họ 78xx, họ 79xx. Vậy nếu muốn c&oacute; mức &aacute;p DC ngả ra ổn định, Bạn t&igrave;m v&agrave; d&ugrave;ng c&aacute;c ic ổn &aacute;p n&agrave;y.</strong></p>\r\n\r\n<div style="background:rgb(240, 240, 240); border:0px; padding:0px">&nbsp;</div>\r\n\r\n<div style="background:rgb(240, 240, 240); border:0px; padding:0px"><img alt="Mạch nguồn 5V có mức ổn định tốt với IC 7805" src="http://hc.serveftp.com/uploads/dien-tu/2013_08/machdien00002.jpg" style="height:215px; margin:0px; width:450px" /></div>\r\n\r\n<p>&nbsp;</p>\r\n\r\n<div style="background:rgb(240, 240, 240); border:0px; padding:0px">Ch&uacute;ng ta&nbsp;biết tr&ecirc;n thị trường lu&ocirc;n c&oacute; b&aacute;n c&aacute;c ic ổn &aacute;p 3 ch&acirc;n họ 78xx,&nbsp;họ 79xx. Vậy nếu muốn c&oacute; mức &aacute;p DC ngả ra ổn định, Bạn t&igrave;m&nbsp;v&agrave; d&ugrave;ng c&aacute;c ic ổn &aacute;p n&agrave;y. Với ic ổn &aacute;p 7805, mức &aacute;p ra l&agrave;&nbsp;5V, với ic ổn &aacute;p 7809, mức &aacute;p ra sẽ l&agrave; 9V, với ic ổn &aacute;p 7812,&nbsp;<br />\r\nmức &aacute;p ra sẽ l&agrave; 12V...IC ổn &aacute;p họ 79xx d&ugrave;ng tạo ổn &aacute;p tr&ecirc;n&nbsp;đường nguồn volt &acirc;m.</div>\r\n\r\n<p>&nbsp;</p>\r\n\r\n<div style="background:rgb(240, 240, 240); border:0px; padding:0px">&nbsp; &nbsp;Trong&nbsp;mạch, ch&uacute;ng ta d&ugrave;ng tụ h&oacute;a lớn C1 tạo ổn &aacute;p tr&ecirc;n đường nguồn&nbsp;DC, đ&acirc;y l&agrave; dạng ổn &aacute;p thụ động, ch&uacute;ng ta d&ugrave;ng ic ổn &aacute;p 7805&nbsp;để c&oacute; mức &aacute;p ra 5V c&oacute; độ ổn định rất tốt, đ&acirc;y l&agrave; dạng ổn&nbsp;&aacute;p t&iacute;ch cực. Khi d&ugrave;ng ic ổn &aacute;p họ 78xx, họ 79xx, tr&ecirc;n ngả ra.&nbsp;<br />\r\n&nbsp; Bạn nhớ gắn th&ecirc;m tụ h&oacute;a d&ugrave;ng để tr&aacute;nh hiện tượng ph&aacute;t sinh&nbsp;dao động tự k&iacute;ch, khi mạch ổn &aacute;p trong ic bị dao động, Bạn sẽ&nbsp;thấy mức &aacute;p DC tr&ecirc;n ngả ra chập chờn l&uacute;c l&ecirc;n l&uacute;c xuống. Trường&nbsp;hợp đường nguồn 5V n&agrave;y d&ugrave;ng cấp điện cho c&aacute;c mạch điện l&agrave;m&nbsp;việc ở v&ugrave;ng tần số cao, l&uacute;c đ&oacute; Bạn phải gắn th&ecirc;m tụ nhỏ C3,&nbsp;<br />\r\nc&ocirc;ng dụng của c&aacute;c tụ nhỏ l&agrave; lọc bỏ c&aacute;c t&iacute;n hiệu tần số cao&nbsp;rất tốt, trong khi đ&oacute; do cấu tr&uacute;c b&ecirc;n trong của c&aacute;c tụ h&oacute;a&nbsp;lớn c&oacute; tiềm ẩn t&iacute;nh ống d&acirc;y, cuộn cảm n&ecirc;n kh&ocirc;ng lọc tốt c&aacute;c&nbsp;d&ograve;ng điện t&iacute;n hiệu tần số cao nhiễm tr&ecirc;n đường nguồn. Trong&nbsp;mạch ch&uacute;ng ta cũng d&ugrave;ng Led đỏ, Led xanh để l&agrave;m Led chỉ thị.</div>', 'trick', 1, 'Chúng ta biết trên thị trường luôn có bán các ic ổn áp 3 chân họ 78xx, họ 79xx. Vậy nếu muốn có mức áp DC ngả ra ổn định, Bạn tìm và dùng các ic ổn áp này.'),
(5, 'Mạch inverter 500W dùng transistor đơn giản', '<p><strong>Mạch nghịch lưu d&ugrave;ng 4047 Haicong.vn đ&atilde; lắp nhiều rồi , thường được ưu điểm xung ra ổn định nhưng nhược điểm l&agrave; ic kh&ocirc;ng chịu được d&ograve;ng cao hay ch&aacute;y.</strong></p>\r\n\r\n<div style="background:transparent; border:0px; padding:0px">\r\n<div style="background:rgb(241, 241, 241); border:0px; padding:8px">\r\n<p><img alt="Mạch inverter 500W dùng transistor đơn giản" src="http://hc.serveftp.com/uploads/dien-tu/2012_11/acqui3.jpg" style="height:181px; margin:0px; width:450px" /></p>\r\n\r\n<p>&nbsp;Ngược lại với th&igrave; tranistor tỏ ra kh&aacute; ổn định ,dễ lắp , đặc biệt&nbsp;Haicong.vn đ&atilde; test thử 2 mạch tr&ecirc;n 1 biến &aacute;p th&igrave; c&ocirc;ng suất của tran lớn hơn . Đ&acirc;y l&agrave; mạch nghịch lưu 500W . lưu &yacute; : biến &aacute;p sơ cấp quấn d&acirc;y 3mm &aacute;p t&acirc;m 11 V , biến trở 100K để chỉnh đ&uacute;ng tần số 50Hz , tran Cs D718X5 mỗi vế , th&ecirc;m mạch lọc LC .Ch&uacute;c c&aacute;c bạn th&agrave;nh c&ocirc;ng !</p>\r\n</div>\r\n</div>', 'trick', 0, 'Mạch nghịch lưu dùng 4047 Haicong.vn đã lắp nhiều rồi , thường được ưu điểm xung ra ổn định nhưng nhược điểm là ic không chịu được dòng cao hay cháy.'),
(6, 'Tổng quát về kỹ thuật truyền hình mầu', '<p><strong>Truyền h&igrave;nh mầu ra đời khi truyền h&igrave;nh đen trắng đ&atilde; trưởng th&agrave;nh v&agrave; vẫn c&ograve;n đang được sử dụng rộng d&atilde;i, v&igrave; vậy khi x&acirc;y dựng truyền h&igrave;nh mầu th&igrave; to&agrave;n bộ hệ thống truyền h&igrave;nh đen trắng vẫn được giữa nguy&ecirc;n v&agrave; người ta chỉ truyền th&ecirc;m c&aacute;c t&iacute;n hiệu mầu.</strong></p>\r\n\r\n<p>C&aacute;c t&iacute;n hiệu FM tiếng, t&iacute;n hiệu đồng bộ d&ograve;ng v&agrave; đồng bộ m&agrave;nh kh&ocirc;ng thay đổi, ri&ecirc;ng t&iacute;n hiệu Video nay được đổi th&agrave;nh hai t&iacute;n hiệu l&agrave; Y v&agrave; C, Y l&agrave; t&iacute;n hiệu ch&oacute;i mang th&ocirc;ng tin về h&igrave;nh ảnh đen trắng v&agrave; C l&agrave; s&oacute;ng mang phụ mang th&ocirc;ng tin về t&iacute;n hiệu mầu :</p>\r\n\r\n<p><img alt="Tổng quát về kỹ thuật truyền hình mầu" src="http://hc.serveftp.com/uploads/dien-tu/2012_03/tuyenhinh00001.jpg" style="height:286px; margin:0px; width:450px" /></p>\r\n\r\n<p>Tổng qu&aacute;t về kỹ thuật truyền h&igrave;nh mầu .</p>\r\n\r\n<p>&nbsp;&nbsp;&nbsp; Như vậy trong t&iacute;n hiệu truyền h&igrave;nh mầu th&igrave; t&iacute;n hiệu Video tổng hợp bao gồm :</p>\r\n\r\n<p>+ T&iacute;n hiệu ch&oacute;i k&yacute; hiệu l&agrave; Y - mang th&ocirc;ng tin về h&igrave;nh ảnh đen trắng, đ&acirc;y ch&iacute;nh l&agrave; t&iacute;n hiệu Video được giữ lại khi ph&aacute;t triển truyền h&igrave;nh mầu, nhằm tương th&iacute;ch với c&aacute;c m&aacute;y thu h&igrave;nh đen trắng.</p>\r\n\r\n<p>+ T&iacute;n hiệu C l&agrave; s&oacute;ng mang phụ, mang th&ocirc;ng tin về mầu sắc</p>\r\n\r\n<p>+ T&iacute;n hiệu FM l&agrave; s&oacute;ng mang điều tần của t&iacute;n hiệu tiếng</p>\r\n\r\n<p>+ Xung H.syn l&agrave; xung đồng bộ d&ograve;ng</p>\r\n\r\n<p>+ Xung V.syn l&agrave; xung đồng bộ m&agrave;nh.</p>\r\n\r\n<p>&nbsp;&nbsp;&nbsp; So với truyền h&igrave;nh đen trắng th&igrave; t&iacute;n hiệu Y l&agrave; t&iacute;n hiệu thị tần, xung H.syn, xung V.syn, v&agrave; t&iacute;n hiệu FM l&agrave; kh&ocirc;ng thay đổi, như vậy truyền h&igrave;nh mầu thực chất l&agrave; truyền h&igrave;nh đen trắng c&oacute; th&ecirc;m t&iacute;n hiệu s&oacute;ng mang mầu C , điều n&agrave;y c&oacute; nghĩa l&agrave; tất cả c&aacute;c kiến thức về truyền h&igrave;nh đen trắng đều được tận dụng lại, v&igrave; vậy hiểu được truyền h&igrave;nh đen trắng sẽ gi&uacute;p bạn hiểu truyền h&igrave;nh mầu dễ d&agrave;ng hơn.</p>\r\n\r\n<p><img alt="Tổng quát về kỹ thuật truyền hình mầu" src="http://hc.serveftp.com/uploads/dien-tu/2012_03/tuyenhinh00002.gif" style="height:190px; margin:0px; width:312px" /></p>\r\n\r\n<p>Phổ t&iacute;n hiệu Video tổng hợp</p>\r\n\r\n<p>&nbsp;&nbsp;&nbsp; T&iacute;n hiệu C ( s&oacute;ng mang mầu ) được tạo ra bằng c&aacute;ch n&agrave;o ? t&iacute;n hiệu mầu R, G, B&nbsp; l&agrave; g&igrave; ? c&aacute;c c&acirc;u hỏi đ&oacute; sẽ được giải đ&aacute;p sau khi ta t&igrave;m hiểu về bản chất &aacute;nh s&aacute;ng v&agrave; mầu sắc cũng như một số đặc điểm của mắt người.</p>\r\n\r\n<p><strong>&nbsp;2/ T&iacute;nh chất của &aacute;nh s&aacute;ng v&agrave; mầu sắc</strong></p>\r\n\r\n<p>&nbsp;&nbsp;&nbsp; Mục đ&iacute;ch của b&agrave;i n&agrave;y l&agrave; để t&igrave;m hiểu nguồn gốc của t&iacute;n hiệu C ( Choma_) l&agrave; s&oacute;ng mang phụ của t&iacute;n hiệu mầu, v&agrave; t&igrave;m hiểu c&aacute;c t&iacute;n hiệu mầu.</p>\r\n\r\n<p><em><strong>&nbsp;&nbsp;&nbsp;&nbsp; 2.1 - Bản chất kh&aacute;ch quan của &aacute;nh s&aacute;ng</strong></em></p>\r\n\r\n<p>&nbsp;&nbsp; &Aacute;nh s&aacute;ng về phương diện vật l&yacute; kh&aacute;ch quan chỉ l&agrave; s&oacute;ng điện từ c&oacute; tần số từ 3,8 x 1014&nbsp;đến 7,8 x 1014&nbsp; Hz, hay c&oacute; bước s&oacute;ng từ 380nm đến 780nm như vậy &aacute;nh s&aacute;ng chỉ chiếm một khoảng rất hẹp trong dải s&oacute;ng điện từ, dải đ&oacute; ta gọi l&agrave; phổ &aacute;nh s&aacute;ng.</p>\r\n\r\n<p><em><strong>&nbsp;&nbsp; 2.2 Cảm nhận chủ quan của mắt người</strong></em></p>\r\n\r\n<p>&nbsp; M&agrave;u sắc ho&agrave;n to&agrave;n l&agrave; cảm gi&aacute;c chủ quan của con người</p>\r\n\r\n<p>&nbsp;Trong to&agrave;n bộ phổ &aacute;nh s&aacute;ng từ 380nm đến 780nm sẽ cho cảm gi&aacute;c ở mắt người l&agrave; nguồn s&aacute;ng trắng, thực tế phổ &aacute;nh s&aacute;ng n&agrave;y l&agrave; t&acirc;p hợp của rất nhiều &aacute;nh s&aacute;ng đơn sắc.</p>\r\n\r\n<p><img alt="Tổng quát về kỹ thuật truyền hình mầu" src="http://hc.serveftp.com/uploads/dien-tu/2012_03/tuyenhinh00003.gif" style="height:59px; margin:0px; width:393px" /></p>\r\n\r\n<p>Mầu phổ</p>\r\n\r\n<p><strong>&nbsp;&nbsp;&nbsp; Mầu của vật</strong></p>\r\n\r\n<p>&nbsp;&nbsp;&nbsp; Thực ra một vật ( kh&ocirc;ng phải l&agrave; nguồn s&aacute;ng ) th&igrave; kh&ocirc;ng c&oacute; mầu, v&iacute; dụ một vật bất kỳ nếu ta kh&ocirc;ng chiếu &aacute;nh s&aacute;ng v&agrave;o n&oacute; th&igrave; ta kh&ocirc;ng nh&igrave;n thấy vật đ&oacute;.<br />\r\n&nbsp;&nbsp;&nbsp;&nbsp;<strong>Th&iacute; nghiệm :</strong>&nbsp;Trong ph&ograve;ng tối, nếu ta chiếu &aacute;nh s&aacute;ng trắng v&agrave;o tờ giấy th&igrave; ta thấy tờ giấy mầu trắng, nếu ta chiếu &aacute;nh s&aacute;ng đơn sắc mầu đỏ v&agrave;o tờ giấy ta lại thấy tờ giấy mầu đỏ, chiếu &aacute;nh s&aacute;ng xanh ta lại thấy tờ giấy mầu xanh =&gt; Chứng tỏ mầu của vật chỉ đ&uacute;ng khi c&oacute; một nguồn s&aacute;ng trắng chiếu v&agrave;o.</p>\r\n\r\n<p>&nbsp;&nbsp;&nbsp; Một nguồn s&aacute;ng trắng l&agrave; tập hợp của v&ocirc; số nguồn s&aacute;ng đơn sắc, khi chiếu v&agrave;o một vật n&agrave;o đ&oacute; th&igrave; một số bước s&oacute;ng bị vật đ&oacute; hấp thụ ho&agrave;n to&agrave;n hay một phần, phần c&ograve;n lại phản chiếu đến mắt cho ta cảm gi&aacute;c về một mầu n&agrave;o đ&oacute;.</p>\r\n\r\n<p><strong>&nbsp;&nbsp; C&aacute;c đặc t&iacute;nh x&aacute;c định một mầu<br />\r\n&nbsp;&nbsp;&nbsp;</strong>Một mầu được x&aacute;c định dựa tr&ecirc;n 3 yếu tố l&agrave; :</p>\r\n\r\n<p><strong>Sắc th&aacute;i của mầu</strong>&nbsp;: yếu tố n&agrave;y để ph&acirc;n biệt c&aacute;c mầu sắc kh&aacute;c nhau .</p>\r\n\r\n<p><img alt="Tổng quát về kỹ thuật truyền hình mầu" src="http://hc.serveftp.com/uploads/dien-tu/2012_03/tuyenhinh00004.gif" style="height:117px; margin:0px; width:257px" /></p>\r\n\r\n<p>Hai mầu c&oacute; sắc th&aacute;i kh&aacute;c nhau c&oacute; phổ kh&aacute;c nhau</p>\r\n\r\n<p><strong>Độ ch&oacute;i của mầu</strong>&nbsp;: độ ch&oacute;i mầu l&agrave; cường độ s&aacute;ng của mầu đ&oacute; mạnh hay yếu.</p>\r\n\r\n<p><img alt="Tổng quát về kỹ thuật truyền hình mầu" src="http://hc.serveftp.com/uploads/dien-tu/2012_03/tuyenhinh00005.gif" style="height:164px; margin:0px; width:169px" /></p>\r\n\r\n<p>Hai mầu c&ugrave;ng sắc th&aacute;i nhưng c&oacute; độ ch&oacute;i kh&aacute;c nhau<br />\r\ncho ta cường độ s&aacute;ng kh&aacute;c nhau</p>\r\n\r\n<p><strong>Độ b&atilde;o ho&agrave; mầu</strong>&nbsp;: Chỉ độ tinh khiết của mầu so với mầu trắng, mầu trắng c&oacute; độ b&atilde;o ho&agrave; mầu bằng 0.</p>\r\n\r\n<p><img alt="Tổng quát về kỹ thuật truyền hình mầu" src="http://hc.serveftp.com/uploads/dien-tu/2012_03/tuyenhinh00006.gif" style="height:141px; margin:0px; width:257px" /></p>\r\n\r\n<p>Hai mầu c&ugrave;ng sắc th&aacute;i nhưng c&oacute; độ b&atilde;o ho&agrave; mầu kh&aacute;c nhau,<br />\r\n&nbsp;mầu c&oacute; độ b&atilde;o ho&agrave; c&agrave;ng cao th&igrave; phổ c&agrave;ng hẹp</p>\r\n\r\n<p><em>&nbsp;<strong>&nbsp;2.3 Cấu tạo của mắt người</strong></em></p>\r\n\r\n<p>&nbsp; Bằng c&aacute;c nghi&ecirc;n cứu về cấu tạo của mắt người, c&aacute;c nh&agrave; khoa học đ&atilde; nhận thấy rằng, mắt người k&eacute;m nhậy với c&aacute;c mầu đơn sắc, khi c&oacute; một nguồn s&aacute;ng l&agrave; tập hợp của nhiều mầu đơn sắc th&igrave; mắt ngư&ograve;i kh&ocirc;ng thể ph&acirc;n biệt được c&aacute;c mầu đơn sắc đ&oacute; m&agrave; c&aacute;c tế b&agrave;o thần kinh của mắt cho ta cảm gi&aacute;c về một mầu kh&aacute;c<br />\r\n&nbsp;&nbsp; Th&iacute; dụ : nếu chiếu một ch&ugrave;m s&aacute;ng c&oacute; đầy đủ c&aacute;c mầu đơn sắc gồm Đỏ, cam, v&agrave;ng, lục , lam , lơ , t&iacute;m&nbsp; v&agrave;o mắt th&igrave; ta c&oacute; cảm nhận đ&oacute; l&agrave; mầu trắng,&nbsp; nếu chiếu hai mầu đơn sắc l&agrave; đỏ v&agrave; xanh l&aacute; th&igrave; ta cảm nhận đ&oacute; l&agrave; mầu v&agrave;ng.</p>\r\n\r\n<p><strong><em>&nbsp; 2.4&nbsp;&nbsp;&nbsp; Ba mầu sắc cơ bản trong tự nhi&ecirc;n.&nbsp;</em></strong></p>\r\n\r\n<p>&nbsp;&nbsp;&nbsp; Bằng c&aacute;c thực nghiệm người ta chứng minh được rằng, trong phổ &aacute;nh s&aacute;ng c&oacute; ba mầu đơn sắc c&oacute; đặc điểm , từ ba mầu đ&oacute; c&oacute; thể tổng hợp th&agrave;nh một mầu bất kỳ ( mầu bất kỳ l&agrave; cảm nhận của mắt ) v&agrave; ngược lại một mầu bất kỳ ta cũng c&oacute; thể ph&acirc;n t&iacute;ch th&agrave;nh ba mầu cơ bản đ&oacute; , ba mầu cơ bản đ&oacute; l&agrave; .</p>\r\n\r\n<p>+ Mầu đỏ&nbsp; : &nbsp;&nbsp;&nbsp;&nbsp;&nbsp; R ( Red )</p>\r\n\r\n<p>+ Mầu xanh l&aacute; : G ( Green )</p>\r\n\r\n<p>+ Mầu xanh lơ : B ( Blue )</p>\r\n\r\n<p>&nbsp; Ba mầu sắc n&agrave;y sẽ được ứng dụng trong kỹ thuật truyền h&igrave;nh v&agrave; trong c&aacute;c thiết bị c&oacute; h&igrave;nh mầu như m&aacute;y in mầu, điện thoại di động, m&aacute;y vi t&iacute;nh v v...</p>\r\n\r\n<p><em><strong>&nbsp; 2.5&nbsp; Nguy&ecirc;n l&yacute; trộn mầu</strong></em></p>\r\n\r\n<p><strong>&nbsp; Th&iacute; nghiệm&nbsp;</strong>:&nbsp; C&oacute; ba nguồn s&aacute;ng đơn sắc ph&aacute;t ra ba mầu : Đỏ, Xanh l&aacute;, Xanh lơ&nbsp; c&ugrave;ng chiếu l&ecirc;n một ph&ocirc;ng mầu trắng, ta h&atilde;y quan s&aacute;t mầu sắc tại c&aacute;c vị tr&iacute; m&agrave; c&aacute;c mầu giao nhau :</p>\r\n\r\n<p><img alt="Tổng quát về kỹ thuật truyền hình mầu" src="http://hc.serveftp.com/uploads/dien-tu/2012_03/tuyenhinh00007.gif" style="height:218px; margin:0px; width:395px" /></p>\r\n\r\n<p>Nguy&ecirc;n l&yacute; trộn mầu từ ba mầu cơ bản R , G , B</p>\r\n\r\n<p>+ Ba nguồn s&aacute;ng tr&ecirc;n c&oacute; cường độ bằng nhau v&agrave; bằng 100%<br />\r\n&nbsp;&nbsp; R = G = B = 100%</p>\r\n\r\n<p>+ R + G =&nbsp; V&agrave;ng&nbsp;&nbsp; ( Đỏ + Xanh l&aacute; = Mầu v&agrave;ng )</p>\r\n\r\n<p>+ R + G + B = Trắng ( Đỏ + Xanh l&aacute; + Xanh lơ = Trắng )</p>\r\n\r\n<p>+ R + B = T&iacute;m ( Đỏ + Xanh lơ = T&iacute;m )</p>\r\n\r\n<p>+ G + B = Xanh dương ( Xanh l&aacute; + Xanh lơ = Xanh dương )</p>\r\n\r\n<p><img alt="Tổng quát về kỹ thuật truyền hình mầu" src="http://hc.serveftp.com/uploads/dien-tu/2012_03/tuyenhinh00008.gif" style="height:203px; margin:0px; width:232px" /></p>\r\n\r\n<p>Trộn từ 3 mầu cơ bản R, G , B&nbsp; với c&aacute;c<br />\r\ncường độ s&aacute;ng kh&aacute;c nhau</p>', 'trick', 0, 'Truyền hình mầu ra đời khi truyền hình đen trắng đã trưởng thành và vẫn còn đang được sử dụng rộng dãi, vì vậy khi xây dựng truyền hình mầu thì toàn bộ hệ thống truyền hình đen trắng vẫn được giữa nguyên và người ta chỉ truyền thêm các tín hiệu mầu.'),
(7, 'Khái niệm về từ trường', '<p><strong>1. Kh&aacute;i niệm về từ trường.&nbsp;</strong><br />\r\n<strong>&nbsp; Nam ch&acirc;m v&agrave; từ t&iacute;nh .</strong><br />\r\nTrong tự nhi&ecirc;n c&oacute; một số chất c&oacute; thể h&uacute;t được sắt gọi l&agrave; nam ch&acirc;m tự nhi&ecirc;n.<br />\r\nTrong c&ocirc;ng nghiệm người ta luyện th&eacute;p hoặc hợp chất th&eacute;p để tạo th&agrave;nh nam ch&acirc;m nh&acirc;n tạo.<br />\r\nNam ch&acirc;m lu&ocirc;n lu&ocirc;n c&oacute; hai cực l&agrave; cực bắc North (N) v&agrave; cực nam South (S) , nếu chặt thanh nam ch&acirc;m ra l&agrave;m 2 th&igrave; ta lại được hai nam ch&acirc;m mới cũng c&oacute; hai cực N v&agrave; S &ndash; đ&oacute; l&agrave; nam ch&acirc;m c&oacute; t&iacute;nh chất kh&ocirc;ng ph&acirc;n chia..<br />\r\nNam ch&acirc;m thường được ứng dụng để sản xuất loa điện động, micro hoặc m&ocirc; tơ DC.<br />\r\n<br />\r\n<strong>&nbsp; Từ trường&nbsp;</strong><br />\r\nTừ trường l&agrave; v&ugrave;ng kh&ocirc;ng gian xung quanh nam ch&acirc;m c&oacute; t&iacute;nh chất truyền lực từ l&ecirc;n c&aacute;c vật liệu c&oacute; từ t&iacute;nh, từ trường l&agrave; tập hợp của c&aacute;c đường sức đi từ Bắc đến cực nam.</p>\r\n\r\n<div style="background:transparent; border:0px; padding:0px"><img alt="Bài 4: Khái niệm về từ trường" src="http://hc.serveftp.com/uploads/dien-tu/2012_11/namcham1.gif" style="height:124px; margin:0px; width:232px" /></div>\r\n\r\n<p><strong>&nbsp; Cường độ từ trường&nbsp;</strong><br />\r\nL&agrave; đại lượng đặc trưng cho độ mạnh yếu của từ trường, k&yacute; hiệu l&agrave; H đơn vị l&agrave; A/m</p>\r\n\r\n<p><strong>&nbsp; Độ từ cảm</strong><br />\r\nL&agrave; đại lượng đặc trưng cho vật c&oacute; từ t&iacute;nh chịu t&aacute;c động của từ trường, độ từ cảm phụ thuộc v&agrave;o vật liệu . VD&nbsp; Sắt c&oacute; độ từ cảm mạnh hơn đồng nhiều lần . Độ từ cảm được t&iacute;nh bởi c&ocirc;ng thức</p>\r\n\r\n<p>B = &micro;.H</p>\r\n\r\n<p>Trong đ&oacute; B : l&agrave;&nbsp; độ từ cảm<br />\r\n&micro; : l&agrave; độ từ thẩm<br />\r\nH :&nbsp; l&agrave; cường độ từ trường</p>\r\n\r\n<p><strong>&nbsp; Từ th&ocirc;ng</strong><br />\r\nL&agrave; số đường sức đi qua một đơn vị diện t&iacute;ch, từ th&ocirc;ng tỷ lệ thuật với cường độ từ trường.</p>\r\n\r\n<div style="background:transparent; border:0px; padding:0px"><img alt="Bài 4: Khái niệm về từ trường" src="http://hc.serveftp.com/uploads/dien-tu/2012_11/tuthong.png" style="height:131px; margin:0px; width:232px" /></div>\r\n\r\n<p><strong>&nbsp; Ứng dụng của Nam ch&acirc;m vĩnh cửu.</strong><br />\r\nNam ch&acirc;m vĩnh cửu được ứng dụng nhiều trong thiết bị điện tử, ch&uacute;ng được d&ugrave;ng để sản xuất Loa, Micro v&agrave; c&aacute;c loại M&ocirc; tơ DC.</p>\r\n\r\n<div style="background:transparent; border:0px; padding:0px"><img alt="Bài 4: Khái niệm về từ trường" src="http://hc.serveftp.com/uploads/dien-tu/2012_11/speaker.png" style="height:120px; margin:0px; width:120px" /></div>', 'trick', 0, 'Các chủ đề nghiên cứu : Nam châm và từ tính, từ trường, cường độ từ trường,độ từ cảm, từ thông.'),
(8, 'Mạch PCB chỉnh Bass, Treble, Volume, Blance dùng IC', '<p><strong>TDA1524A, v&agrave; phần mạch khuếch đại c&ocirc;ng suất d&ugrave;ng TDA LA 4440 với P=25w nghe cực k&igrave; ấm v&agrave; đ&atilde; ko bị &ugrave; r&egrave; ,với phần thiết kế đ&atilde; ghi r&otilde; chi tiết từng con linh kiện d&acirc;n diện tử ai m&ecirc; nhạc th&igrave; c&oacute; thể độ chế ri&ecirc;ng cho m&igrave;nh .</strong></p>\r\n\r\n<p><strong>Th&ocirc;ng số của mạch :</strong><br />\r\n+ Điện &aacute;p đầu v&agrave;o : 12VDC<br />\r\n+ T&iacute;n hiệu đầu v&agrave;o : L, R<br />\r\n+ T&iacute;n hiệu đầu ra : L, R</p>\r\n\r\n<div style="background:transparent; border:0px; padding:0px">+ N&uacute;t điều chỉnh : Bass, Treble, Volume, Blance<img alt="Mạch PCB chỉnh Bass, Treble, Volume, Blance dùng IC" src="http://hc.serveftp.com/uploads/dien-tu/2012_03/chuyendoi0012.jpg" style="height:343px; margin:0px; width:450px" /></div>\r\n\r\n<p><img alt="Mạch PCB chỉnh Bass, Treble, Volume, Blance dùng IC" src="http://hc.serveftp.com/uploads/dien-tu/2012_11/mach0009.jpg" style="height:347px; margin:0px; width:450px" /></p>', 'trick', 0, 'TDA1524A, và phần mạch khuếch đại công suất dùng TDA LA 4440 với P=25w nghe cực kì ấm và đã ko bị ù rè ,với phần thiết kế đã ghi rõ chi tiết từng con linh kiện dân diện tử ai mê nhạc thì có thể độ chế riêng cho mình.'),
(9, 'Hướng dẫn dùng IC 320WC', '<p><strong>Mạch được tạo bởi 2 con IC 555 d&ugrave;ng để tạo dao động. Tần số được điều khiển bởi ch&acirc;n 5 của IC. Đầu ti&ecirc;n l&agrave; IC 1 được l&agrave;m việc xung quang tần số l&agrave; 1hz v&agrave; tụ 47uF được nạp điện v&agrave; sau đ&oacute; l&agrave; xả điện li&ecirc;n tục qu&aacute; tr&igrave;nh đ&oacute; cứ diễn ra li&ecirc;n tục như vậy.</strong></p>\r\n\r\n<div style="background:transparent; border:0px; padding:0px">\r\n<div style="background:rgb(241, 241, 241); border:0px; padding:8px">\r\n<p><img alt="Nhửng mạch báo động đơn giản" src="http://hc.serveftp.com/uploads/dien-tu/2012_11/machbao1.jpg" style="height:226px; margin:0px; width:223px" /></p>\r\n\r\n<p><strong>Đ&acirc;y l&agrave; mạch tạo &acirc;m thanh đơn giản d&ugrave;ng cho c&ograve;i b&aacute;o động cho cảnh s&aacute;t</strong></p>\r\n\r\n<p><img alt="Nhửng mạch báo động đơn giản" src="http://hc.serveftp.com/uploads/dien-tu/2012_11/machbao2.jpg" style="height:207px; margin:0px; width:450px" /></p>\r\n\r\n<p>Mạch được tạo bởi 2 con IC 555 d&ugrave;ng để tạo dao động. Tần số được điều khiển bởi ch&acirc;n 5 của IC. Đầu ti&ecirc;n l&agrave; IC 1 được l&agrave;m việc xung quang tần số l&agrave; 1hz v&agrave; tụ 47uF được nạp điện v&agrave; sau đ&oacute; l&agrave; xả điện li&ecirc;n tục qu&aacute; tr&igrave;nh đ&oacute; cứ diễn ra li&ecirc;n tục như vậy. Tần số ra loa được điều chế bởi IC2 v&agrave; ta nghe được &acirc;m thanh ra loa.<br />\r\nHai biến trở VR1 v&agrave; VR2 d&ugrave;ng để điều chế tần số đầu ra cho Loa. Tần số cảng lớn th&igrave; tiếng h&uacute; c&ograve;i c&agrave;ng to. Đ&acirc;y l&agrave; mạch b&aacute;o động &aacute;nh s&aacute;ng. Được sử dụng trong ph&ograve;ng tối v&agrave; khi c&oacute; &aacute;nh s&aacute;ng lọt v&agrave;o th&igrave; mạch sẽ ph&aacute;t ra tiếng b&aacute;o cho ta biết l&agrave; c&oacute; &aacute;nh s&aacute;ng</p>\r\n\r\n<p><img alt="Nhửng mạch báo động đơn giản" src="http://hc.serveftp.com/uploads/dien-tu/2012_11/machbao3.jpg" style="height:216px; margin:0px; width:450px" /></p>\r\n\r\n<p>Nh&igrave;n v&agrave;o mạch tr&ecirc;n kh&aacute; l&agrave; đơn giản v&igrave; mạch chỉ sử dụng 1 con 555 để tạo dao động ph&aacute;t &acirc;m thanh ra loa v&agrave; 1 con LDR cảm biến &aacute;nh s&aacute;ng.<br />\r\n+ 555 ở đ&acirc;y l&agrave; con tạo dao động xung vu&ocirc;ng trong mạch n&agrave;y n&oacute; tạo dao động l&agrave; 1Khz cấp cho tải l&agrave; Loa<br />\r\n+ LDR l&agrave; cảm biến &aacute;nh s&aacute;ng. Khi kh&ocirc;ng c&oacute; anh s&aacute;ng th&igrave; cảm biến n&agrave;y c&oacute; gi&aacute; trị điện trở l&agrave; v&ocirc; c&ugrave;ng c&ograve;n khi c&oacute; &aacute;nh s&aacute;ng đủ mạch th&igrave; cảm biến c&oacute; gi&aacute; trị điện trở l&agrave; 0.<br />\r\nKhi c&oacute; &aacute;nh s&aacute;ng th&igrave; LDR sẽ c&oacute; điện trở bằng 0 khi đ&oacute; n&oacute; sẽ ph&acirc;n cực thuận cho con BC158 dẫn đến cấp điện &aacute;p v&agrave;o ch&acirc;n 4 của 555 l&agrave; mạch dao động 555 hoạt động v&agrave; ph&aacute;t &acirc;m thanh ra loa. C&ograve;n khi kh&ocirc;ng c&oacute; &aacute;nh s&aacute;ng th&igrave; LDR c&oacute; gi&aacute; trị điện trở v&ocirc; c&ugrave;ng do đ&oacute; n&oacute; ko ph&acirc;n cực được cho BC158 &gt; Kh&ocirc;ng c&oacute; t&iacute;n hiệu ra loa. Biến trở 100K d&ugrave;ng để điều chỉnh mức cường độ &aacute;nh s&aacute;ng cảnh b&aacute;o. Đ&acirc;y l&agrave; mạch b&aacute;o trộm nh&agrave; 4 trong 1. Sử dụng NE556 l&agrave;m cảnh b&aacute;o kết hợp với chu&ocirc;ng b&aacute;o động,</p>\r\n\r\n<p><img alt="Nhửng mạch báo động đơn giản" src="http://hc.serveftp.com/uploads/dien-tu/2012_11/machbao4.jpg" style="height:248px; margin:0px; width:450px" /></p>\r\n\r\n<p><strong>Mạch n&agrave;y được hoạt động khi phải thỏa m&atilde;n 4 điều kiện kh&aacute;c sau đ&acirc;y :</strong><br />\r\n+ Khi đ&egrave;n s&aacute;ng th&igrave; cảm biến LDR1 được bật<br />\r\n+ Khi đ&egrave;n s&aacute;ng th&igrave; cảm biến LDR2 được bật<br />\r\n+ Khi mở cửa<br />\r\n+ Khi chạm v&agrave;o vật (H&igrave;nh vẽ)<br />\r\nNếu m&agrave; kẻ trộm bị gặp phải 1 trong 4 trường hợp tr&ecirc;n th&igrave; sẽ c&oacute; 1 tiếng chu&ocirc;ng b&aacute;o động cho người bit l&agrave; c&oacute; kẻ trộmĐ&acirc;y l&agrave; mạch kh&ocirc;ng chỉ cho ch&uacute;ng ta biết mức nước ở thời điểm hiện tại m&agrave; n&oacute; c&ograve;n cảnh b&aacute;o cho ch&uacute;ng ta khi mức nước đ&atilde; đầy bằng hiện thị l&ecirc;n c&aacute;c đ&egrave;n LED v&agrave; chu&ocirc;ng b&aacute;o động</p>\r\n\r\n<p><img alt="Nhửng mạch báo động đơn giản" src="http://hc.serveftp.com/uploads/dien-tu/2012_11/machbao5.jpg" style="height:285px; margin:0px; width:450px" /></p>\r\n\r\n<p><strong>Mạch sử dụng IC CMOS CD4066</strong>&nbsp;để đ&oacute;ng cắt v&agrave; đưa t&iacute;n hiệu mức nước ra c&aacute;c LED (Tr&ecirc;n h&igrave;nh vẽ). Khi mức nước trong th&ugrave;ng kh&ocirc;ng c&oacute; nước th&igrave; điện trở 180K &ocirc;m được nối với mức thấp (GND) n&ecirc;n kh&ocirc;ng c&oacute; đ&egrave;n LED n&agrave;o s&aacute;ng. Khi c&oacute; mức nước v&agrave;o th&igrave; đầu ti&ecirc;n n&oacute; kết nối giữa S1 với nguồn dương th&ocirc;ng qua c&aacute;c ion trong nước khi đ&oacute; đ&oacute;ng kh&oacute;a S1 tạo cho đ&egrave;n LED 1 s&aacute;ng. Cứ như vậy th&igrave; c&aacute;c mức 2, 3, ,4 cũng như vậy mức nước đến đ&acirc;u th&igrave; đ&egrave;n sẽ s&aacute;ng đến đ&oacute;.<br />\r\nRi&ecirc;ng khi mức nước đ&atilde; đầy c&oacute; th&ecirc;m 1 chu&ocirc;ng cảnh b&aacute;o l&agrave; nước trong th&ugrave;ng đ&atilde; đầy. b&aacute;o hiệu cho con người l&agrave; nước đ&atilde; đầy th&ugrave;ng.</p>\r\n\r\n<p><img alt="Nhửng mạch báo động đơn giản" src="http://hc.serveftp.com/uploads/dien-tu/2012_11/machbao6.jpg" style="height:295px; margin:0px; width:450px" /></p>\r\n\r\n<p><strong>Đ&acirc;y l&agrave; mạch cảnh b&aacute;o mức nước</strong>&nbsp;đ&atilde; đầy hay b&aacute;o động cho 1 mức nước n&agrave;o đ&oacute;. Mạch sử dụng con 555 tạo dao động ph&aacute;t &acirc;m thanh ra loa. Tần số ra loa để b&aacute;o động sẽ l&agrave; tần số dao động của IC555 : Tần số l&agrave; : f = 1/(0.693*0.022.10^-6*(100.10^3+9.4.10^3) = ?. Tần số n&agrave;y kh&ocirc;ng được lớn hơn 20Khz v&igrave; như thế l&agrave;m sao m&agrave; tai người c&oacute; thể nghe thấy được.<br />\r\nHoạt động : Mạch kh&aacute; l&agrave; đơn giản gồm 1 con BC109C v&agrave; bộ cảm biến cũng kh&aacute; đơn giản l&agrave; cảm biến nước. Khi mức nước d&acirc;ng cao đến chỗ cảm biến nước th&igrave; l&uacute;c đ&oacute; d&ograve;ng điện từ nguồn được dẫn qua ion nước ph&acirc;n cực cho B của Transitor. Khi đ&oacute; transitor dẫn d&ograve;ng từ nguồn cấp nguồn cho 555. Dẫn đến 555 tạo dao động ph&aacute;t &acirc;m thanh ra loa. Khi mức nước kh&ocirc;ng chạm cảm biến th&igrave; B kh&ocirc;ng được ph&acirc;n cực ngắt nguồn cấp cho 555 n&ecirc;n loa sẽ kh&ocirc;ng ph&aacute;t t&iacute;n hiệu&nbsp;</p>\r\n</div>\r\n</div>', 'IC', 1, 'Mạch được tạo bởi 2 con IC 555 dùng để tạo dao động. Tần số được điều khiển bởi chân 5 của IC. Đầu tiên là IC 1 được làm việc xung quang tần số là 1hz và tụ 47uF được nạp điện và sau đó là xả điện liên tục quá trình đó cứ diễn ra liên tục như vậy.'),
(10, 'Cách lắp IC nối tiếp theo chuẩn RC32', '<p><strong>Mạch nghịch lưu d&ugrave;ng 4047 Haicong.vn đ&atilde; lắp nhiều rồi , thường được ưu điểm xung ra ổn định nhưng nhược điểm l&agrave; ic kh&ocirc;ng chịu được d&ograve;ng cao hay ch&aacute;y.</strong></p>\r\n\r\n<div style="background:transparent; border:0px; padding:0px">\r\n<div style="background:rgb(241, 241, 241); border:0px; padding:8px">\r\n<p><img alt="Mạch inverter 500W dùng transistor đơn giản" src="http://hc.serveftp.com/uploads/dien-tu/2012_11/acqui3.jpg" style="height:181px; margin:0px; width:450px" /></p>\r\n\r\n<p>&nbsp;Ngược lại với th&igrave; tranistor tỏ ra kh&aacute; ổn định ,dễ lắp , đặc biệt&nbsp;Haicong.vn đ&atilde; test thử 2 mạch tr&ecirc;n 1 biến &aacute;p th&igrave; c&ocirc;ng suất của tran lớn hơn . Đ&acirc;y l&agrave; mạch nghịch lưu 500W . lưu &yacute; : biến &aacute;p sơ cấp quấn d&acirc;y 3mm &aacute;p t&acirc;m 11 V , biến trở 100K để chỉnh đ&uacute;ng tần số 50Hz , tran Cs D718X5 mỗi vế , th&ecirc;m mạch lọc LC .Ch&uacute;c c&aacute;c bạn th&agrave;nh c&ocirc;ng !</p>\r\n</div>\r\n</div>', 'IC', 1, 'Có nhiều chuẩn lắp IC nhưng chuẩn RC32 là một chuẩn khá khó. Nó đòi hỏi chúng ta phải có am hiểu sâu sắc về cấu trúc IC cũng như hoạt động của nó. Sau đây chúng tôi sẽ hướng dẫn các bạn cách lắp IC nối tiếp theo chuẩn RC32 để có thể tối ưu cho các mạch câu, mạch vòng và đăc biệt là mạch đa xung.');
INSERT INTO `tbl_documents` (`doc_id`, `doc_title`, `doc_content`, `doc_type`, `doc_vip`, `doc_summary`) VALUES
(11, 'Kinh nghiệm sử dụng IC lâu năm', '<p><strong>L&agrave; ngưới th&iacute;ch khoa điện tử chắc ai cũng phải l&agrave;m cho m&igrave;nh một mạch nguồn để thực h&agrave;nh ! T&ugrave;y c&aacute;ch l&agrave;m của từng người nhưng cơ bản th&igrave; vẫn sử dụng c&aacute;c IC ổn &aacute;p họ 78 &amp; 79 , kết hợp với Ic Lm317 Lm337 để ra điện &aacute;p biến đổi .</strong></p>\r\n\r\n<div style="background:transparent; border:0px; padding:0px">\r\n<div style="background:rgb(241, 241, 241); border:0px; padding:8px">\r\n<p><img alt="Mạch nguồn ổn áp đối xứng đơn giản" src="http://hc.serveftp.com/uploads/dien-tu/2012_05/clip_image001_3.jpg" style="height:332px; margin:0px; width:450px" /></p>\r\n\r\n<p>Về nguy&ecirc;n tắc th&igrave; ch&uacute;ng ta sử dụng diot cầu kết hợp c&aacute;c tụ điện cho ra điện &aacute;p đối xứng cấp cho từng cặp ic 78,79 .Th&ecirc;m phần bảo vệ cầu ch&igrave; hoặc role ch&uacute;ng ta đ&atilde; c&oacute; một bộ nguồn ổn định để suw3 dụng .<img alt="Mạch nguồn ổn áp đối xứng đơn giản" src="http://hc.serveftp.com/uploads/dien-tu/2012_05/clip_image002_3.jpg" style="height:192px; margin:0px; width:450px" /></p>\r\n\r\n<p><img alt="Mạch nguồn ổn áp đối xứng đơn giản" src="http://hc.serveftp.com/uploads/dien-tu/2012_05/clip_image003_3.jpg" style="height:236px; margin:0px; width:450px" /></p>\r\n\r\n<p><img alt="Mạch nguồn ổn áp đối xứng đơn giản" src="http://hc.serveftp.com/uploads/dien-tu/2012_05/clip_image004_2.jpg" style="height:419px; margin:0px; width:450px" /></p>\r\n\r\n<p><img alt="Mạch nguồn ổn áp đối xứng đơn giản" src="http://hc.serveftp.com/uploads/dien-tu/2012_05/clip_image005_2.jpg" style="height:276px; margin:0px; width:450px" /></p>\r\n</div>\r\n</div>\r\n\r\n<h2>&nbsp;</h2>', 'IC', 1, 'IC là một linh kiện điện tử quan trọng. Tuy nhiên tuổi thọ của nó cũng không phải là quá lâu năm. Trong bài viết này chúng tôi sẽ hướng dẫn các bạn cách sử dụng IC được lâu hơn và bền hơn.'),
(12, 'IC bị ngấm nước - phải làm sao?', '<p><strong>H&acirc;n hạnh giới thiệu đến c&aacute;c bạn một mạch nạp c&oacute; khả năng tự động ngắt mạch khi b&igrave;nh đầy nhằm bảo vệ tốt nhất cho ắc quy .</strong></p>\r\n\r\n<div style="background:rgb(241, 241, 241); border:0px; padding:8px">\r\n<p>&nbsp;Tr&ecirc;n thực tế th&igrave; mạch nạp cho ắc quy rất đơn giản chỉ cần một con diot chỉnh lưu l&agrave; đủ , nhưng như thế rất hại cho b&igrave;nh khi đ&atilde; đầy điện m&agrave; vẫn nạp tiếp.</p>\r\n\r\n<p>Dựa tr&ecirc;n cơ sở so s&aacute;nh điện &aacute;p của ic khuếch đại thuật to&aacute;n đối chiếu với lưu lượng điện trong b&igrave;nh m&agrave; mạch dưới đ&acirc;y c&oacute; khả năng nạp tự động điều chỉnh lượng điện &aacute;p nạp cho b&igrave;nh .<img alt="Hướng dẩn lắp ráp mạch nạp Acquy tự động" src="http://hc.serveftp.com/uploads/dien-tu/2012_11/acqui1.jpg" style="height:162px; margin:0px; width:450px" /></p>\r\n\r\n<p><strong>Nguy&ecirc;n l&yacute; hoạt động rất đơn giản như sau :</strong></p>\r\n\r\n<p>Diot zen tạo điện &aacute;p tham chiếu ở đ&acirc;y sử dụng dieenot zen 6V . Nhờ diot n&agrave;y m&agrave; điện &aacute;p tham chiếu v&agrave;o ch&acirc;n 2 lu&ocirc;n được giữ cố định d&ugrave; b&igrave;nh đ&atilde; vơi điện .<br />\r\nBiến trở v&agrave; c&aacute;c điện trở ph&acirc;n &aacute;p v&agrave;o ch&acirc;n số 3 lấy điện &aacute;p thực tế của b&igrave;nh so s&aacute;nh với điện &aacute;p tham chiếu ở ch&acirc;n số 2 . Khi điện &aacute;p của b&igrave;nh chưa đầy điện &aacute;p ở ch&acirc;n số 3 nhỏ hơn điện &aacute;p ch&acirc;n 2 đầu ra khuếch đại thuật to&aacute;n ở mức 0 , role chưa c&oacute; điện &aacute;p k&iacute;ch mở , d&ograve;ng điện được nạp ở b&igrave;nh nhờ điot cầu . Khi b&igrave;nh đầy ch&acirc;n ch&acirc;n số 3 điện &aacute;p lớn hơn điện &aacute;p so s&aacute;nh , l&uacute;c n&agrave;y ch&acirc;n 6 cấp d&ograve;ng k&iacute;ch mở tran đ&oacute;ng điện cho role , khi đ&oacute; sẽ c&aacute;ch ly b&igrave;nh với d&ograve;ng nạp , đ&egrave;n led b&aacute;o s&aacute;ng , khi đ&oacute; ta c&oacute; thể ngắt b&igrave;nh ra được ,</p>\r\n\r\n<p>Ch&uacute; &yacute; b&igrave;nh ắc quy đầy ở điện &aacute;p tầm 13,7V sử dụng biến trở điều chỉnh đ&uacute;ng điện &aacute;p sao cho role tự ngắt ở điện &aacute;p n&agrave;y ,<br />\r\nnếu k c&oacute; diot zen 6v th&igrave; d&ugrave;ng 3 v vẫn được nhưng cần ph&acirc;n &aacute;p lại<br />\r\nic ở đ&acirc;y l&agrave; Lm741 c&oacute; thể thay thế bằng c&aacute;c loại kh&aacute;c như Lm358, 324&hellip; cần x&aacute;c định đ&uacute;ng ch&acirc;n trước khi sử d&ugrave;ng.<br />\r\nD&ograve;ng nạp nhỏ hơn 1/10 dung lượng ắc quy sẽ k&eacute;o d&agrave;i tuổi thọ của b&igrave;nh , vd b&igrave;nh 25a th&igrave; biến &aacute;p chọn loại 3a l&agrave; hợp l&yacute;.<br />\r\nRole se k đ&oacute;ng ngay lập tức m&agrave; từ từ do đ&oacute; sẽ điều chỉnh được d&ograve;ng nạp hợp l&yacute; ta kh&ocirc;ng cần băn khoăn về điều n&agrave;y</p>\r\n\r\n<p><strong>Mạch in :</strong></p>\r\n\r\n<p><img alt="Hướng dẩn lắp ráp mạch nạp Acquy tự động" src="http://hc.serveftp.com/uploads/dien-tu/2012_11/acqui2.jpg" style="height:211px; margin:0px; width:450px" /></p>\r\n</div>', 'ic', 1, 'Vào một ngày đẹp trời, con IC tươi đẹp của chúng ta không may bị ngấm nước, lúc này nếu không biết cách khắc phục kịp thời, chúng ta có thể phải trả giá rất đắt.'),
(13, 'Cách nhận biết IC chất lượng cao', '<p><strong>Bản demo led cube 8x8x8 . thử tr&ecirc;n 89S52 , ch&uacute;ng t&ocirc;i khuy&ecirc;n c&aacute;c bạn kh&ocirc;ng n&ecirc;n l&agrave;m ledcube với loại vdk n&agrave;y , thứ nhất tr&igrave;nh bi&ecirc;n dich kh&ocirc;ng hỗ trợ mảng nhiều chiều tốt , đưa mảng [10][8] tr&igrave;nh keliC b&aacute;o lỗi tr&agrave;n bộ nhớ trong khi với AVR viết bao nhi&ecirc;u t&ugrave;y th&iacute;ch.</strong></p>\r\n\r\n<div style="background:rgb(241, 241, 241); border:0px; padding:8px">\r\n<p>Thứ 2 quan trọng nhất l&agrave; bộ nhớ với việc xuất 64 bit một l&uacute;c th&igrave; chắc tầm 5,6 hiệu ứng l&agrave; full rồi. Ở bản demo n&agrave;y&nbsp;chu1ng t&ocirc;i&nbsp;sử dụng 74hc595 qu&eacute;t cột v&agrave; uln2803 qu&eacute;t lớp , với 8x8x8 ta c&oacute; thể sử dụng th&agrave;nh một led matrix để chạy chữ,.Chế độ qu&eacute;t giống như matrix 8&times;8 tự update code khi thay đổi chuỗi k&yacute; tự (chi tiết xem video ph&iacute;a dưới).</p>\r\n\r\n<p>Phi&ecirc;n bản thử nghiệm tr&ecirc;n 89s52 . C&ograve;n đ&acirc;y l&agrave; một số h&igrave;nh ảnh về bản demo n&agrave;y :</p>\r\n\r\n<p><strong>Khối led :</strong></p>\r\n\r\n<p><img alt="Thiết kế mạch Demo led cube 8x8x8" src="http://hc.serveftp.com/uploads/dien-tu/2012_11/laptop00160.jpg" style="height:360px; margin:0px; width:450px" /></p>\r\n\r\n<p><img alt="Thiết kế mạch Demo led cube 8x8x8" src="http://hc.serveftp.com/uploads/dien-tu/2012_11/laptop00161.jpg" style="height:338px; margin:0px; width:450px" /></p>\r\n\r\n<p><strong>Sơ đồ nguy&ecirc;n l&yacute; :</strong></p>\r\n\r\n<p>&nbsp;</p>\r\n\r\n<div style="background:transparent; border:0px; padding:0px"><img alt="Thiết kế mạch Demo led cube 8x8x8" src="http://hc.serveftp.com/uploads/dien-tu/2012_11/laptop00162.jpg" style="height:245px; margin:0px; width:450px" /></div>\r\n\r\n<p>&nbsp;</p>\r\n\r\n<p><strong>Mạch in :</strong></p>\r\n\r\n<p>&nbsp;</p>\r\n\r\n<div style="background:transparent; border:0px; padding:0px"><img alt="Thiết kế mạch Demo led cube 8x8x8" src="http://hc.serveftp.com/uploads/dien-tu/2012_11/laptop00163.jpg" style="height:218px; margin:0px; width:450px" /></div>\r\n\r\n<p>&nbsp;</p>\r\n\r\n<p><strong>Mạch thực tế :</strong></p>\r\n\r\n<p><img alt="Thiết kế mạch Demo led cube 8x8x8" src="http://hc.serveftp.com/uploads/dien-tu/2012_11/laptop00164.jpg" style="height:338px; margin:0px; width:450px" /></p>\r\n\r\n<p><strong>lập tr&igrave;nh :</strong>&nbsp;<img alt="Thiết kế mạch Demo led cube 8x8x8" src="http://hc.serveftp.com/uploads/dien-tu/2012_11/laptop00165.jpg" style="height:338px; margin:0px; width:450px" /></p>\r\n\r\n<p><strong>Video demo :</strong></p>\r\n\r\n<p>&nbsp;</p>\r\n\r\n<p>&nbsp;</p>\r\n\r\n<p>Bản ch&iacute;nh thức sẽ ra mắt trong thời gian sớm nhất .&nbsp;</p>\r\n</div>', 'IC', 0, 'Trên thị trường hiện nay có rất nhiều loại IC với nhiều mẫu mã và chủng loại khác nhau. Tuy nhiên, có rất nhiều con IC mang nhãn hiệu nổi tiếng nhưng chất lượng lại rất kém cỏi. Sẽ rất nguy hiểm nếu chúng ta mua phải những con IC đó. Vậy có cách nào nhận biết IC chất lượng cao ngay khi mua không? Sau đây chúng tôi sẽ hướng dẫn các bạn cách nhận biết.'),
(14, 'Tăng công suốt cho IC M720', '<p><strong>Như ch&uacute;ng ta đ&atilde; biết để việc tạo ra d&ograve;ng điện l&agrave; bước tiến vĩ đại trong lịch sử lo&agrave;i người .Để sản xuất ra d&ograve;ng điện xoay chiều c&oacute; rất nhiều phương ph&aacute;p như thủy điện,nhiệt điện .</strong></p>\r\n\r\n<p><img alt="Mạch nghịch lưu 1 pha 12V to 220V" src="http://hc.serveftp.com/uploads/dien-tu/2012_05/clip_image001_1.jpg" style="height:417px; margin:0px; width:450px" /></p>\r\n\r\n<p>&nbsp;</p>\r\n\r\n<p><strong>Phần I</strong><br />\r\n<em><strong>Cơ sở l&yacute; thuyết</strong></em></p>\r\n\r\n<p>Nh&igrave;n chung c&aacute;c phương ph&aacute;p tr&ecirc;n &aacute;p dụng cho sản xuất điện c&ocirc;ng nghiệp , c&ograve;n với c&aacute;c hộ gia đ&igrave;nh khi nguồn điện c&ocirc;ng nghiệp bị cắt phương ph&aacute;p chủ yếu được sử dụng ở đ&acirc;y l&agrave; nghịch lưu d&ograve;ng điện một chiều th&agrave;nh xoay chiều. Dựa tr&ecirc;n phương ph&aacute;p đ&oacute; nh&oacute;m đưa ra sơ đồ nguy&ecirc;n l&yacute; tạo điện &aacute;p xoay chiều từ d&ograve;ng một chiều.</p>\r\n\r\n<p><img alt="Mạch nghịch lưu 1 pha 12V to 220V" src="http://hc.serveftp.com/uploads/dien-tu/2012_05/clip_image002_1.jpg" style="height:203px; margin:0px; width:450px" /></p>\r\n\r\n<p><strong>I,Khối nguồn</strong><br />\r\nNguồn điện được sử dụng ở đ&acirc;y l&agrave; nguồn điện một chiều lấy từ b&igrave;nh ắc quy .Thời gian sử dụng phụ thuộc chủ yếu v&agrave;o dung<br />\r\nlượng lưu trữ của ắc quy .C&ocirc;ng thức t&iacute;nh c&ocirc;ng suất ph&aacute;t của acquy như sau: P=u.i<br />\r\nv&iacute; dụ: acquy 12v 100Ah th&igrave; c&ocirc;ng suất ph&aacute;t :12.100=1200w<br />\r\nNếu chạy b&oacute;ng đ&egrave;n compac 20w sẽ được 60 giờ .</p>\r\n\r\n<p><strong>II, Khối tạo tần số 50Hz</strong><br />\r\nNhiệm vụ của khối tạo ra s&oacute;ng dao động đưa v&agrave;o khối c&ocirc;ng suất với tần số điện c&ocirc;ng nghiệp. S&oacute;ng ở đ&acirc;y thường l&agrave; hai dạng ch&iacute;nh l&agrave; h&igrave;nh sin hoặc vu&ocirc;ng .Thường th&igrave; khối c&ocirc;ng suất trở kh&aacute;ng đầu v&agrave;o rất nhỏ n&ecirc;n tr&ecirc;n thực tế ch&uacute;ng ta cần một khối khuyếch đại đệm nhiệm vụ ổn định khối ph&aacute;t xung dao động giảm trở kh&aacute;ng đầu v&agrave;o cho tầng c&ocirc;ng suất.</p>\r\n\r\n<p><strong>III,Khối c&ocirc;ng suất</strong><br />\r\nTừ dạng s&oacute;ng nhận được từ khối ph&aacute;t khối c&ocirc;ng suất sẽ khuyếch đại đưa đến biến &aacute;p tạo điện &aacute;p xoay chiều. Thường th&igrave; khối n&agrave;y sử dụng c&aacute;c linh kiện c&ocirc;ng suất như thysistor transistor chịu d&ograve;ng lớn như D718,2N3055&hellip;.y&ecirc;u cầu cho khối n&agrave;y hoạt động tốt cần c&oacute; hệ thống tản nhiệt l&agrave;m m&aacute;t.</p>\r\n\r\n<p>IV,Biến &aacute;p nghịch lưu<br />\r\nĐ&acirc;y l&agrave; th&agrave;nh phần ch&iacute;nh quyết định tới c&ocirc;ng suất ph&aacute;t của mạch. Biến &aacute;p được sử dụng l&agrave; biến &aacute;p nghịch lưu c&oacute; tỷ số v&ograve;ng d&acirc;y của cuộn thứ cấp lớn hơn rất nhiều cuộn sơ cấp.C&ocirc;ng suất của mạch được t&iacute;nh như sau: Pmax=U.I<br />\r\nVới I l&agrave; d&ograve;ng điện biến &aacute;p chịu được<br />\r\nU l&agrave; hiệu điện thế đặt v&agrave;o cuộn sơ cấp<br />\r\nV&iacute; dụ một biến &aacute;p nghịch lưu 12V220V d&ograve;ng điện 40A<br />\r\nC&ocirc;ng suất tối đa của mạch sẽ l&agrave;:12.40=480W chạy được một ti vi 2 quạt v&agrave; 3 b&oacute;ng t&iacute;p 40W</p>\r\n\r\n<p><strong>Phần II</strong></p>\r\n\r\n<p><em><strong>Sơ đồ mạch</strong></em></p>\r\n\r\n<p>C&aacute;c bạn c&oacute; thể thực hiện theo 1 trong c&aacute;c sơ đồ sau :</p>\r\n\r\n<p><img alt="Mạch nghịch lưu 1 pha 12V to 220V" src="http://hc.serveftp.com/uploads/dien-tu/2012_05/dientu00045.jpg" style="height:265px; margin:0px; width:450px" /></p>\r\n\r\n<p><img alt="Mạch nghịch lưu 1 pha 12V to 220V" src="http://hc.serveftp.com/uploads/dien-tu/2012_11/dientu00046_1.jpg" style="height:244px; margin:0px; width:450px" /></p>\r\n\r\n<p><img alt="Mạch nghịch lưu 1 pha 12V to 220V" src="http://hc.serveftp.com/uploads/dien-tu/2012_11/dientu00047.jpg" style="height:293px; margin:0px; width:450px" /></p>\r\n\r\n<p><img alt="Mạch nghịch lưu 1 pha 12V to 220V" src="http://hc.serveftp.com/uploads/dien-tu/2012_11/dientu00048.jpg" style="height:264px; margin:0px; width:450px" /></p>\r\n\r\n<p>C&ograve;n đ&acirc;y l&agrave; mạch m&igrave;nh thiết kế trong đồ &aacute;n :</p>\r\n\r\n<p><img alt="Mạch nghịch lưu 1 pha 12V to 220V" src="http://hc.serveftp.com/uploads/dien-tu/2012_05/clip_image005.jpg" style="height:204px; margin:0px; width:510px" /></p>\r\n\r\n<p>Ch&uacute;ng ta cần quan t&acirc;m đến IC CD4047<br />\r\n<strong>Chức năng:</strong>&nbsp;tạo s&oacute;ng vu&ocirc;ng hai nửa chu kỳ.<br />\r\nĐ&acirc;y l&agrave; ic gồm 14 ch&acirc;n đ&oacute;ng g&oacute;i dạng dip 100T. Điện &aacute;p hoạt động trong khoảng từ 3 đến 15 V. Ch&uacute;ng ta cần quan t&acirc;m tới chức năng của c&aacute;c ch&acirc;n sau:<br />\r\nCh&acirc;n 1 đầu v&agrave;o tụ C<br />\r\nCh&acirc;n 2 đầu v&agrave;o điện trở R<br />\r\nCh&acirc;n 3 đầu v&agrave;o R-C tạo dao động với tần số định sẵn<br />\r\nCh&acirc;n 10 đầu ra xung vu&ocirc;ng b&aacute;n chu kỳ dương<br />\r\nCh&acirc;n 11 đầu ra xung vu&ocirc;ng b&aacute;n chu kỳ &acirc;m<br />\r\nCh&acirc;n 7 cấp nguồn &acirc;m<br />\r\nCh&acirc;n 14 cấp nguồn dương<br />\r\nTần số của xung vu&ocirc;ng ra được t&iacute;nh theo c&ocirc;ng thức:</p>\r\n\r\n<p>T= 2,.48RC<img alt="Mạch nghịch lưu 1 pha 12V to 220V" src="http://hc.serveftp.com/uploads/dien-tu/2012_11/dientu00049.jpg" style="height:180px; margin:0px; width:450px" /></p>\r\n\r\n<p><strong>Ph&acirc;n t&iacute;ch mạch điện :</strong><br />\r\nĐầu ti&ecirc;n IC 4047 ph&aacute;t ra s&oacute;ng vu&ocirc;ng với hai nửa chu kỳ.Với C=0,1uF ta điều chỉnh biến trở để tần số hoạt động l&agrave; 50Hz .<br />\r\nT&iacute;n hiệu s&oacute;ng vu&ocirc;ng được xuất ra tr&ecirc;n c&aacute;c ch&acirc;n 10,11 k&iacute;ch mở tran H1061,ở đ&acirc;y n&oacute; hoạt động như một kh&oacute;a điện tử.<br />\r\nTrasistor H1061 l&agrave; tran c&ocirc;ng suất tầm trung nhiệm vụ trong mạch k&iacute;ch mở tầng tran c&ocirc;ng suất lớn. Cụ thể khi c&oacute; t&iacute;n hiệu từ Ic lm358 đưa v&agrave;o tran mở khi đ&oacute; điện &aacute;p của t&iacute;n hiệu được khuyếch đại đủ để k&iacute;ch mở cặp tran D718<br />\r\nCặp tran c&ocirc;ng suất D718 hoạt động như một kh&oacute;a điện tử đ&oacute;ng ngắt li&ecirc;n tục với tần số 50Hz của bộ ph&aacute;t xung .Từ sự đ&oacute;ng ngắt n&agrave;y d&ograve;ng điện qua biến &aacute;p thay đổi theo dạng t&iacute;n hiệu s&oacute;ng vu&ocirc;ng .Ở chu kỳ dương cuộn L1 của phần sơ cấp được cấp nguồn , điện &aacute;p ở đầu ra được khuyếch đại theo tỷ số v&ograve;ng d&acirc;y của biến &aacute;p. L&uacute;c n&agrave;y đầu ra l&agrave; chu kỳ dương .Ngược lại ở chu kỳ &acirc;m cuộn L2 của phần sơ cấp được cấp điện ,điện &aacute;p đầu ra l&agrave; chu kỳ &acirc;m của t&iacute;n hiệu.<br />\r\nDo đ&oacute; đầu ra của biến &aacute;p điện &aacute;p l&agrave; d&ograve;ng điện xoay chiều tần số 50Hz ,dạng s&oacute;ng vu&ocirc;ng.</p>\r\n\r\n<p><strong>Mạch điện thực tế :</strong><br />\r\n&nbsp;</p>\r\n\r\n<p><img alt="Mạch nghịch lưu 1 pha 12V to 220V" src="http://hc.serveftp.com/uploads/dien-tu/2012_11/dientu00050.jpg" style="height:562px; margin:0px; width:441px" /></p>', 'IC', 0, 'IC M720 là một loại IC được dùng khá phổ biến, đặc biệt là trong các mạch lắp song song. Nếu biết cách tối ưu cho IC này, chúng ta có thể tăng công suốt của nó từ 10% đến 30 %. Sau đây chúng tôi sẽ hướng dẫn các bạn cách tăng công suốt cho IC này.'),
(15, 'Dùng IC với dòng 3 chiều', '<p><strong>Ch&uacute;ng ta biết tr&ecirc;n thị trường lu&ocirc;n c&oacute; b&aacute;n c&aacute;c ic ổn &aacute;p 3 ch&acirc;n họ 78xx, họ 79xx. Vậy nếu muốn c&oacute; mức &aacute;p DC ngả ra ổn định, Bạn t&igrave;m v&agrave; d&ugrave;ng c&aacute;c ic ổn &aacute;p n&agrave;y</strong>.</p>\r\n\r\n<div style="background:rgb(240, 240, 240); border:0px; padding:0px">&nbsp;</div>\r\n\r\n<div style="background:rgb(240, 240, 240); border:0px; padding:0px"><img alt="Mạch nguồn 5V có mức ổn định tốt với IC 7805" src="http://hc.serveftp.com/uploads/dien-tu/2013_08/machdien00002.jpg" style="height:215px; margin:0px; width:450px" /></div>\r\n\r\n<p>&nbsp;</p>\r\n\r\n<div style="background:rgb(240, 240, 240); border:0px; padding:0px">Ch&uacute;ng ta&nbsp;biết tr&ecirc;n thị trường lu&ocirc;n c&oacute; b&aacute;n c&aacute;c ic ổn &aacute;p 3 ch&acirc;n họ 78xx,&nbsp;họ 79xx. Vậy nếu muốn c&oacute; mức &aacute;p DC ngả ra ổn định, Bạn t&igrave;m&nbsp;v&agrave; d&ugrave;ng c&aacute;c ic ổn &aacute;p n&agrave;y. Với ic ổn &aacute;p 7805, mức &aacute;p ra l&agrave;&nbsp;5V, với ic ổn &aacute;p 7809, mức &aacute;p ra sẽ l&agrave; 9V, với ic ổn &aacute;p 7812,&nbsp;<br />\r\nmức &aacute;p ra sẽ l&agrave; 12V...IC ổn &aacute;p họ 79xx d&ugrave;ng tạo ổn &aacute;p tr&ecirc;n&nbsp;đường nguồn volt &acirc;m.</div>\r\n\r\n<p>&nbsp;</p>\r\n\r\n<div style="background:rgb(240, 240, 240); border:0px; padding:0px">&nbsp; &nbsp;Trong&nbsp;mạch, ch&uacute;ng ta d&ugrave;ng tụ h&oacute;a lớn C1 tạo ổn &aacute;p tr&ecirc;n đường nguồn&nbsp;DC, đ&acirc;y l&agrave; dạng ổn &aacute;p thụ động, ch&uacute;ng ta d&ugrave;ng ic ổn &aacute;p 7805&nbsp;để c&oacute; mức &aacute;p ra 5V c&oacute; độ ổn định rất tốt, đ&acirc;y l&agrave; dạng ổn&nbsp;&aacute;p t&iacute;ch cực. Khi d&ugrave;ng ic ổn &aacute;p họ 78xx, họ 79xx, tr&ecirc;n ngả ra.&nbsp;<br />\r\n&nbsp; Bạn nhớ gắn th&ecirc;m tụ h&oacute;a d&ugrave;ng để tr&aacute;nh hiện tượng ph&aacute;t sinh&nbsp;dao động tự k&iacute;ch, khi mạch ổn &aacute;p trong ic bị dao động, Bạn sẽ&nbsp;thấy mức &aacute;p DC tr&ecirc;n ngả ra chập chờn l&uacute;c l&ecirc;n l&uacute;c xuống. Trường&nbsp;hợp đường nguồn 5V n&agrave;y d&ugrave;ng cấp điện cho c&aacute;c mạch điện l&agrave;m&nbsp;việc ở v&ugrave;ng tần số cao, l&uacute;c đ&oacute; Bạn phải gắn th&ecirc;m tụ nhỏ C3,&nbsp;<br />\r\nc&ocirc;ng dụng của c&aacute;c tụ nhỏ l&agrave; lọc bỏ c&aacute;c t&iacute;n hiệu tần số cao&nbsp;rất tốt, trong khi đ&oacute; do cấu tr&uacute;c b&ecirc;n trong của c&aacute;c tụ h&oacute;a&nbsp;lớn c&oacute; tiềm ẩn t&iacute;nh ống d&acirc;y, cuộn cảm n&ecirc;n kh&ocirc;ng lọc tốt c&aacute;c&nbsp;d&ograve;ng điện t&iacute;n hiệu tần số cao nhiễm tr&ecirc;n đường nguồn. Trong&nbsp;mạch ch&uacute;ng ta cũng d&ugrave;ng Led đỏ, Led xanh để l&agrave;m Led chỉ thị.</div>', 'IC', 0, 'Việc sáng chế ra dòng điện 3 chiều là một bước tiễn vĩ đại trong lịch sử nhân loại nói chung và lịch sử ngành điện nói riêng. Vậy làm thế nào để sử dụng IC trong mạch có dòng 3 chiều, sau đây chúng tôi sẽ hướng dẫn các bạn cách sử dụng IC trong mạch có dòng 3 chiều.'),
(16, 'Cách không để IC bị biến màu', '<p><strong>Mạch nghịch lưu d&ugrave;ng 4047 Haicong.vn đ&atilde; lắp nhiều rồi , thường được ưu điểm xung ra ổn định nhưng nhược điểm l&agrave; ic kh&ocirc;ng chịu được d&ograve;ng cao hay ch&aacute;y.</strong></p>\r\n\r\n<div style="background:transparent; border:0px; padding:0px">\r\n<div style="background:rgb(241, 241, 241); border:0px; padding:8px">\r\n<p><img alt="Mạch inverter 500W dùng transistor đơn giản" src="http://hc.serveftp.com/uploads/dien-tu/2012_11/acqui3.jpg" style="height:181px; margin:0px; width:450px" /></p>\r\n\r\n<p>&nbsp;Ngược lại với th&igrave; tranistor tỏ ra kh&aacute; ổn định ,dễ lắp , đặc biệt&nbsp;Haicong.vn đ&atilde; test thử 2 mạch tr&ecirc;n 1 biến &aacute;p th&igrave; c&ocirc;ng suất của tran lớn hơn . Đ&acirc;y l&agrave; mạch nghịch lưu 500W . lưu &yacute; : biến &aacute;p sơ cấp quấn d&acirc;y 3mm &aacute;p t&acirc;m 11 V , biến trở 100K để chỉnh đ&uacute;ng tần số 50Hz , tran Cs D718X5 mỗi vế , th&ecirc;m mạch lọc LC .Ch&uacute;c c&aacute;c bạn th&agrave;nh c&ocirc;ng !</p>\r\n</div>\r\n</div>', 'IC', 0, 'IC dùng được 1 thời gian thường không giữ được màu sắc như lúc ban đầu. Nếu biết cách giữ gìn bạn có thể hạn chế điều này. Có nhiều dung dịch để giữ màu cho IC, nước muối là một điển hình. Sau đây chúng tôi sẽ hướng dẫn các bạn cách sử dụng nước muối để giữ màu cho IC'),
(17, 'Kinh nghiệm sử dụng PIN lâu bền', '<p><strong>Truyền h&igrave;nh mầu ra đời khi truyền h&igrave;nh đen trắng đ&atilde; trưởng th&agrave;nh v&agrave; vẫn c&ograve;n đang được sử dụng rộng d&atilde;i, v&igrave; vậy khi x&acirc;y dựng truyền h&igrave;nh mầu th&igrave; to&agrave;n bộ hệ thống truyền h&igrave;nh đen trắng vẫn được giữa nguy&ecirc;n v&agrave; người ta chỉ truyền th&ecirc;m c&aacute;c t&iacute;n hiệu mầu.</strong></p>\r\n\r\n<p>C&aacute;c t&iacute;n hiệu FM tiếng, t&iacute;n hiệu đồng bộ d&ograve;ng v&agrave; đồng bộ m&agrave;nh kh&ocirc;ng thay đổi, ri&ecirc;ng t&iacute;n hiệu Video nay được đổi th&agrave;nh hai t&iacute;n hiệu l&agrave; Y v&agrave; C, Y l&agrave; t&iacute;n hiệu ch&oacute;i mang th&ocirc;ng tin về h&igrave;nh ảnh đen trắng v&agrave; C l&agrave; s&oacute;ng mang phụ mang th&ocirc;ng tin về t&iacute;n hiệu mầu :</p>\r\n\r\n<p><img alt="Tổng quát về kỹ thuật truyền hình mầu" src="http://hc.serveftp.com/uploads/dien-tu/2012_03/tuyenhinh00001.jpg" style="height:286px; margin:0px; width:450px" /></p>\r\n\r\n<p>Tổng qu&aacute;t về kỹ thuật truyền h&igrave;nh mầu .</p>\r\n\r\n<p>&nbsp;&nbsp;&nbsp; Như vậy trong t&iacute;n hiệu truyền h&igrave;nh mầu th&igrave; t&iacute;n hiệu Video tổng hợp bao gồm :</p>\r\n\r\n<p>+ T&iacute;n hiệu ch&oacute;i k&yacute; hiệu l&agrave; Y - mang th&ocirc;ng tin về h&igrave;nh ảnh đen trắng, đ&acirc;y ch&iacute;nh l&agrave; t&iacute;n hiệu Video được giữ lại khi ph&aacute;t triển truyền h&igrave;nh mầu, nhằm tương th&iacute;ch với c&aacute;c m&aacute;y thu h&igrave;nh đen trắng.</p>\r\n\r\n<p>+ T&iacute;n hiệu C l&agrave; s&oacute;ng mang phụ, mang th&ocirc;ng tin về mầu sắc</p>\r\n\r\n<p>+ T&iacute;n hiệu FM l&agrave; s&oacute;ng mang điều tần của t&iacute;n hiệu tiếng</p>\r\n\r\n<p>+ Xung H.syn l&agrave; xung đồng bộ d&ograve;ng</p>\r\n\r\n<p>+ Xung V.syn l&agrave; xung đồng bộ m&agrave;nh.</p>\r\n\r\n<p>&nbsp;&nbsp;&nbsp; So với truyền h&igrave;nh đen trắng th&igrave; t&iacute;n hiệu Y l&agrave; t&iacute;n hiệu thị tần, xung H.syn, xung V.syn, v&agrave; t&iacute;n hiệu FM l&agrave; kh&ocirc;ng thay đổi, như vậy truyền h&igrave;nh mầu thực chất l&agrave; truyền h&igrave;nh đen trắng c&oacute; th&ecirc;m t&iacute;n hiệu s&oacute;ng mang mầu C , điều n&agrave;y c&oacute; nghĩa l&agrave; tất cả c&aacute;c kiến thức về truyền h&igrave;nh đen trắng đều được tận dụng lại, v&igrave; vậy hiểu được truyền h&igrave;nh đen trắng sẽ gi&uacute;p bạn hiểu truyền h&igrave;nh mầu dễ d&agrave;ng hơn.</p>\r\n\r\n<p><img alt="Tổng quát về kỹ thuật truyền hình mầu" src="http://hc.serveftp.com/uploads/dien-tu/2012_03/tuyenhinh00002.gif" style="height:190px; margin:0px; width:312px" /></p>\r\n\r\n<p>Phổ t&iacute;n hiệu Video tổng hợp</p>\r\n\r\n<p>&nbsp;&nbsp;&nbsp; T&iacute;n hiệu C ( s&oacute;ng mang mầu ) được tạo ra bằng c&aacute;ch n&agrave;o ? t&iacute;n hiệu mầu R, G, B&nbsp; l&agrave; g&igrave; ? c&aacute;c c&acirc;u hỏi đ&oacute; sẽ được giải đ&aacute;p sau khi ta t&igrave;m hiểu về bản chất &aacute;nh s&aacute;ng v&agrave; mầu sắc cũng như một số đặc điểm của mắt người.</p>\r\n\r\n<p><strong>&nbsp;2/ T&iacute;nh chất của &aacute;nh s&aacute;ng v&agrave; mầu sắc</strong></p>\r\n\r\n<p>&nbsp;&nbsp;&nbsp; Mục đ&iacute;ch của b&agrave;i n&agrave;y l&agrave; để t&igrave;m hiểu nguồn gốc của t&iacute;n hiệu C ( Choma_) l&agrave; s&oacute;ng mang phụ của t&iacute;n hiệu mầu, v&agrave; t&igrave;m hiểu c&aacute;c t&iacute;n hiệu mầu.</p>\r\n\r\n<p><em><strong>&nbsp;&nbsp;&nbsp;&nbsp; 2.1 - Bản chất kh&aacute;ch quan của &aacute;nh s&aacute;ng</strong></em></p>\r\n\r\n<p>&nbsp;&nbsp; &Aacute;nh s&aacute;ng về phương diện vật l&yacute; kh&aacute;ch quan chỉ l&agrave; s&oacute;ng điện từ c&oacute; tần số từ 3,8 x 1014&nbsp;đến 7,8 x 1014&nbsp; Hz, hay c&oacute; bước s&oacute;ng từ 380nm đến 780nm như vậy &aacute;nh s&aacute;ng chỉ chiếm một khoảng rất hẹp trong dải s&oacute;ng điện từ, dải đ&oacute; ta gọi l&agrave; phổ &aacute;nh s&aacute;ng.</p>\r\n\r\n<p><em><strong>&nbsp;&nbsp; 2.2 Cảm nhận chủ quan của mắt người</strong></em></p>\r\n\r\n<p>&nbsp; M&agrave;u sắc ho&agrave;n to&agrave;n l&agrave; cảm gi&aacute;c chủ quan của con người</p>\r\n\r\n<p>&nbsp;Trong to&agrave;n bộ phổ &aacute;nh s&aacute;ng từ 380nm đến 780nm sẽ cho cảm gi&aacute;c ở mắt người l&agrave; nguồn s&aacute;ng trắng, thực tế phổ &aacute;nh s&aacute;ng n&agrave;y l&agrave; t&acirc;p hợp của rất nhiều &aacute;nh s&aacute;ng đơn sắc.</p>\r\n\r\n<p><img alt="Tổng quát về kỹ thuật truyền hình mầu" src="http://hc.serveftp.com/uploads/dien-tu/2012_03/tuyenhinh00003.gif" style="height:59px; margin:0px; width:393px" /></p>\r\n\r\n<p>Mầu phổ</p>\r\n\r\n<p><strong>&nbsp;&nbsp;&nbsp; Mầu của vật</strong></p>\r\n\r\n<p>&nbsp;&nbsp;&nbsp; Thực ra một vật ( kh&ocirc;ng phải l&agrave; nguồn s&aacute;ng ) th&igrave; kh&ocirc;ng c&oacute; mầu, v&iacute; dụ một vật bất kỳ nếu ta kh&ocirc;ng chiếu &aacute;nh s&aacute;ng v&agrave;o n&oacute; th&igrave; ta kh&ocirc;ng nh&igrave;n thấy vật đ&oacute;.<br />\r\n&nbsp;&nbsp;&nbsp;&nbsp;<strong>Th&iacute; nghiệm :</strong>&nbsp;Trong ph&ograve;ng tối, nếu ta chiếu &aacute;nh s&aacute;ng trắng v&agrave;o tờ giấy th&igrave; ta thấy tờ giấy mầu trắng, nếu ta chiếu &aacute;nh s&aacute;ng đơn sắc mầu đỏ v&agrave;o tờ giấy ta lại thấy tờ giấy mầu đỏ, chiếu &aacute;nh s&aacute;ng xanh ta lại thấy tờ giấy mầu xanh =&gt; Chứng tỏ mầu của vật chỉ đ&uacute;ng khi c&oacute; một nguồn s&aacute;ng trắng chiếu v&agrave;o.</p>\r\n\r\n<p>&nbsp;&nbsp;&nbsp; Một nguồn s&aacute;ng trắng l&agrave; tập hợp của v&ocirc; số nguồn s&aacute;ng đơn sắc, khi chiếu v&agrave;o một vật n&agrave;o đ&oacute; th&igrave; một số bước s&oacute;ng bị vật đ&oacute; hấp thụ ho&agrave;n to&agrave;n hay một phần, phần c&ograve;n lại phản chiếu đến mắt cho ta cảm gi&aacute;c về một mầu n&agrave;o đ&oacute;.</p>\r\n\r\n<p><strong>&nbsp;&nbsp; C&aacute;c đặc t&iacute;nh x&aacute;c định một mầu<br />\r\n&nbsp;&nbsp;&nbsp;</strong>Một mầu được x&aacute;c định dựa tr&ecirc;n 3 yếu tố l&agrave; :</p>\r\n\r\n<p><strong>Sắc th&aacute;i của mầu</strong>&nbsp;: yếu tố n&agrave;y để ph&acirc;n biệt c&aacute;c mầu sắc kh&aacute;c nhau .</p>\r\n\r\n<p><img alt="Tổng quát về kỹ thuật truyền hình mầu" src="http://hc.serveftp.com/uploads/dien-tu/2012_03/tuyenhinh00004.gif" style="height:117px; margin:0px; width:257px" /></p>\r\n\r\n<p>Hai mầu c&oacute; sắc th&aacute;i kh&aacute;c nhau c&oacute; phổ kh&aacute;c nhau</p>\r\n\r\n<p><strong>Độ ch&oacute;i của mầu</strong>&nbsp;: độ ch&oacute;i mầu l&agrave; cường độ s&aacute;ng của mầu đ&oacute; mạnh hay yếu.</p>\r\n\r\n<p><img alt="Tổng quát về kỹ thuật truyền hình mầu" src="http://hc.serveftp.com/uploads/dien-tu/2012_03/tuyenhinh00005.gif" style="height:164px; margin:0px; width:169px" /></p>\r\n\r\n<p>Hai mầu c&ugrave;ng sắc th&aacute;i nhưng c&oacute; độ ch&oacute;i kh&aacute;c nhau<br />\r\ncho ta cường độ s&aacute;ng kh&aacute;c nhau</p>\r\n\r\n<p><strong>Độ b&atilde;o ho&agrave; mầu</strong>&nbsp;: Chỉ độ tinh khiết của mầu so với mầu trắng, mầu trắng c&oacute; độ b&atilde;o ho&agrave; mầu bằng 0.</p>\r\n\r\n<p><img alt="Tổng quát về kỹ thuật truyền hình mầu" src="http://hc.serveftp.com/uploads/dien-tu/2012_03/tuyenhinh00006.gif" style="height:141px; margin:0px; width:257px" /></p>\r\n\r\n<p>Hai mầu c&ugrave;ng sắc th&aacute;i nhưng c&oacute; độ b&atilde;o ho&agrave; mầu kh&aacute;c nhau,<br />\r\n&nbsp;mầu c&oacute; độ b&atilde;o ho&agrave; c&agrave;ng cao th&igrave; phổ c&agrave;ng hẹp</p>\r\n\r\n<p><em>&nbsp;<strong>&nbsp;2.3 Cấu tạo của mắt người</strong></em></p>\r\n\r\n<p>&nbsp; Bằng c&aacute;c nghi&ecirc;n cứu về cấu tạo của mắt người, c&aacute;c nh&agrave; khoa học đ&atilde; nhận thấy rằng, mắt người k&eacute;m nhậy với c&aacute;c mầu đơn sắc, khi c&oacute; một nguồn s&aacute;ng l&agrave; tập hợp của nhiều mầu đơn sắc th&igrave; mắt ngư&ograve;i kh&ocirc;ng thể ph&acirc;n biệt được c&aacute;c mầu đơn sắc đ&oacute; m&agrave; c&aacute;c tế b&agrave;o thần kinh của mắt cho ta cảm gi&aacute;c về một mầu kh&aacute;c<br />\r\n&nbsp;&nbsp; Th&iacute; dụ : nếu chiếu một ch&ugrave;m s&aacute;ng c&oacute; đầy đủ c&aacute;c mầu đơn sắc gồm Đỏ, cam, v&agrave;ng, lục , lam , lơ , t&iacute;m&nbsp; v&agrave;o mắt th&igrave; ta c&oacute; cảm nhận đ&oacute; l&agrave; mầu trắng,&nbsp; nếu chiếu hai mầu đơn sắc l&agrave; đỏ v&agrave; xanh l&aacute; th&igrave; ta cảm nhận đ&oacute; l&agrave; mầu v&agrave;ng.</p>\r\n\r\n<p><strong><em>&nbsp; 2.4&nbsp;&nbsp;&nbsp; Ba mầu sắc cơ bản trong tự nhi&ecirc;n.&nbsp;</em></strong></p>\r\n\r\n<p>&nbsp;&nbsp;&nbsp; Bằng c&aacute;c thực nghiệm người ta chứng minh được rằng, trong phổ &aacute;nh s&aacute;ng c&oacute; ba mầu đơn sắc c&oacute; đặc điểm , từ ba mầu đ&oacute; c&oacute; thể tổng hợp th&agrave;nh một mầu bất kỳ ( mầu bất kỳ l&agrave; cảm nhận của mắt ) v&agrave; ngược lại một mầu bất kỳ ta cũng c&oacute; thể ph&acirc;n t&iacute;ch th&agrave;nh ba mầu cơ bản đ&oacute; , ba mầu cơ bản đ&oacute; l&agrave; .</p>\r\n\r\n<p>+ Mầu đỏ&nbsp; : &nbsp;&nbsp;&nbsp;&nbsp;&nbsp; R ( Red )</p>\r\n\r\n<p>+ Mầu xanh l&aacute; : G ( Green )</p>\r\n\r\n<p>+ Mầu xanh lơ : B ( Blue )</p>\r\n\r\n<p>&nbsp; Ba mầu sắc n&agrave;y sẽ được ứng dụng trong kỹ thuật truyền h&igrave;nh v&agrave; trong c&aacute;c thiết bị c&oacute; h&igrave;nh mầu như m&aacute;y in mầu, điện thoại di động, m&aacute;y vi t&iacute;nh v v...</p>\r\n\r\n<p><em><strong>&nbsp; 2.5&nbsp; Nguy&ecirc;n l&yacute; trộn mầu</strong></em></p>\r\n\r\n<p><strong>&nbsp; Th&iacute; nghiệm&nbsp;</strong>:&nbsp; C&oacute; ba nguồn s&aacute;ng đơn sắc ph&aacute;t ra ba mầu : Đỏ, Xanh l&aacute;, Xanh lơ&nbsp; c&ugrave;ng chiếu l&ecirc;n một ph&ocirc;ng mầu trắng, ta h&atilde;y quan s&aacute;t mầu sắc tại c&aacute;c vị tr&iacute; m&agrave; c&aacute;c mầu giao nhau :</p>\r\n\r\n<p><img alt="Tổng quát về kỹ thuật truyền hình mầu" src="http://hc.serveftp.com/uploads/dien-tu/2012_03/tuyenhinh00007.gif" style="height:218px; margin:0px; width:395px" /></p>\r\n\r\n<p>Nguy&ecirc;n l&yacute; trộn mầu từ ba mầu cơ bản R , G , B</p>\r\n\r\n<p>+ Ba nguồn s&aacute;ng tr&ecirc;n c&oacute; cường độ bằng nhau v&agrave; bằng 100%<br />\r\n&nbsp;&nbsp; R = G = B = 100%</p>\r\n\r\n<p>+ R + G =&nbsp; V&agrave;ng&nbsp;&nbsp; ( Đỏ + Xanh l&aacute; = Mầu v&agrave;ng )</p>\r\n\r\n<p>+ R + G + B = Trắng ( Đỏ + Xanh l&aacute; + Xanh lơ = Trắng )</p>\r\n\r\n<p>+ R + B = T&iacute;m ( Đỏ + Xanh lơ = T&iacute;m )</p>\r\n\r\n<p>+ G + B = Xanh dương ( Xanh l&aacute; + Xanh lơ = Xanh dương )</p>\r\n\r\n<p><img alt="Tổng quát về kỹ thuật truyền hình mầu" src="http://hc.serveftp.com/uploads/dien-tu/2012_03/tuyenhinh00008.gif" style="height:203px; margin:0px; width:232px" /></p>\r\n\r\n<p>Trộn từ 3 mầu cơ bản R, G , B&nbsp; với c&aacute;c<br />\r\ncường độ s&aacute;ng kh&aacute;c nhau</p>', 'PIN', 1, 'PIN dùng đươc một thời gian thường chai rất nhanh, nếu không biết cách giữ gìn, một cục PIN 6 cell có thể chỉ có tuổi thọ 6 tháng. Vậy làm cách nào để giữ gìn PIN tốt và sử dụng được lâu bền. Sau đây mình sẽ hướng dẫn các bạn cách sử dụng PIN được lâu và bền'),
(18, 'Hướng dẫn tăng công suốt của PIN', '<p><strong>1. Kh&aacute;i niệm về từ trường.&nbsp;</strong><br />\r\n<strong>&nbsp; Nam ch&acirc;m v&agrave; từ t&iacute;nh .</strong><br />\r\nTrong tự nhi&ecirc;n c&oacute; một số chất c&oacute; thể h&uacute;t được sắt gọi l&agrave; nam ch&acirc;m tự nhi&ecirc;n.<br />\r\nTrong c&ocirc;ng nghiệm người ta luyện th&eacute;p hoặc hợp chất th&eacute;p để tạo th&agrave;nh nam ch&acirc;m nh&acirc;n tạo.<br />\r\nNam ch&acirc;m lu&ocirc;n lu&ocirc;n c&oacute; hai cực l&agrave; cực bắc North (N) v&agrave; cực nam South (S) , nếu chặt thanh nam ch&acirc;m ra l&agrave;m 2 th&igrave; ta lại được hai nam ch&acirc;m mới cũng c&oacute; hai cực N v&agrave; S &ndash; đ&oacute; l&agrave; nam ch&acirc;m c&oacute; t&iacute;nh chất kh&ocirc;ng ph&acirc;n chia..<br />\r\nNam ch&acirc;m thường được ứng dụng để sản xuất loa điện động, micro hoặc m&ocirc; tơ DC.<br />\r\n<br />\r\n<strong>&nbsp; Từ trường&nbsp;</strong><br />\r\nTừ trường l&agrave; v&ugrave;ng kh&ocirc;ng gian xung quanh nam ch&acirc;m c&oacute; t&iacute;nh chất truyền lực từ l&ecirc;n c&aacute;c vật liệu c&oacute; từ t&iacute;nh, từ trường l&agrave; tập hợp của c&aacute;c đường sức đi từ Bắc đến cực nam.</p>\r\n\r\n<div style="background:transparent; border:0px; padding:0px"><img alt="Bài 4: Khái niệm về từ trường" src="http://hc.serveftp.com/uploads/dien-tu/2012_11/namcham1.gif" style="height:124px; margin:0px; width:232px" /></div>\r\n\r\n<p><strong>&nbsp; Cường độ từ trường&nbsp;</strong><br />\r\nL&agrave; đại lượng đặc trưng cho độ mạnh yếu của từ trường, k&yacute; hiệu l&agrave; H đơn vị l&agrave; A/m</p>\r\n\r\n<p><strong>&nbsp; Độ từ cảm</strong><br />\r\nL&agrave; đại lượng đặc trưng cho vật c&oacute; từ t&iacute;nh chịu t&aacute;c động của từ trường, độ từ cảm phụ thuộc v&agrave;o vật liệu . VD&nbsp; Sắt c&oacute; độ từ cảm mạnh hơn đồng nhiều lần . Độ từ cảm được t&iacute;nh bởi c&ocirc;ng thức</p>\r\n\r\n<p>B = &micro;.H</p>\r\n\r\n<p>Trong đ&oacute; B : l&agrave;&nbsp; độ từ cảm<br />\r\n&micro; : l&agrave; độ từ thẩm<br />\r\nH :&nbsp; l&agrave; cường độ từ trường</p>\r\n\r\n<p><strong>&nbsp; Từ th&ocirc;ng</strong><br />\r\nL&agrave; số đường sức đi qua một đơn vị diện t&iacute;ch, từ th&ocirc;ng tỷ lệ thuật với cường độ từ trường.</p>\r\n\r\n<div style="background:transparent; border:0px; padding:0px"><img alt="Bài 4: Khái niệm về từ trường" src="http://hc.serveftp.com/uploads/dien-tu/2012_11/tuthong.png" style="height:131px; margin:0px; width:232px" /></div>\r\n\r\n<p><strong>&nbsp; Ứng dụng của Nam ch&acirc;m vĩnh cửu.</strong><br />\r\nNam ch&acirc;m vĩnh cửu được ứng dụng nhiều trong thiết bị điện tử, ch&uacute;ng được d&ugrave;ng để sản xuất Loa, Micro v&agrave; c&aacute;c loại M&ocirc; tơ DC.</p>\r\n\r\n<div style="background:transparent; border:0px; padding:0px"><img alt="Bài 4: Khái niệm về từ trường" src="http://hc.serveftp.com/uploads/dien-tu/2012_11/speaker.png" style="height:120px; margin:0px; width:120px" /></div>', 'PIN', 1, 'PIN được nhà sản xuất cố định công suốt, nhưng nếu biết cách chúng ta vẫn có thể ép nó hoạt động với công suốt lớn hơn rất nhiều. Sau đây chúng tôi sẽ hướng dẫn các bạn cách tăng công suốt của PIN.'),
(19, 'Sự khác nhau giữa PIN con thỏ và con sói', '<p><strong>TDA1524A, v&agrave; phần mạch khuếch đại c&ocirc;ng suất d&ugrave;ng TDA LA 4440 với P=25w nghe cực k&igrave; ấm v&agrave; đ&atilde; ko bị &ugrave; r&egrave; ,với phần thiết kế đ&atilde; ghi r&otilde; chi tiết từng con linh kiện d&acirc;n diện tử ai m&ecirc; nhạc th&igrave; c&oacute; thể độ chế ri&ecirc;ng cho m&igrave;nh .</strong></p>\r\n\r\n<p><strong>Th&ocirc;ng số của mạch :</strong><br />\r\n+ Điện &aacute;p đầu v&agrave;o : 12VDC<br />\r\n+ T&iacute;n hiệu đầu v&agrave;o : L, R<br />\r\n+ T&iacute;n hiệu đầu ra : L, R</p>\r\n\r\n<div style="background:transparent; border:0px; padding:0px">+ N&uacute;t điều chỉnh : Bass, Treble, Volume, Blance<img alt="Mạch PCB chỉnh Bass, Treble, Volume, Blance dùng IC" src="http://hc.serveftp.com/uploads/dien-tu/2012_03/chuyendoi0012.jpg" style="height:343px; margin:0px; width:450px" /></div>\r\n\r\n<p><img alt="Mạch PCB chỉnh Bass, Treble, Volume, Blance dùng IC" src="http://hc.serveftp.com/uploads/dien-tu/2012_11/mach0009.jpg" style="height:347px; margin:0px; width:450px" /></p>', 'PIN', 1, 'PIN con thỏ và PIN con sói có nhiều điểm khác nhau. Một trong số đó là PIN con thỏ được làm từ sói và PIN con sói được làm từ thỏ. Tuy nhiên thỏ và sói không liên quan không ít nhưng đủ không nhiều  đến PIN con sói và PIN con thỏ. Sau đây là những điểm khác nhau cơ bản giữa 2 loại PIN này.'),
(20, 'PIN mặt trời bị thiếu điện - phải làm sao', '<p><strong>Mạch được tạo bởi 2 con IC 555 d&ugrave;ng để tạo dao động. Tần số được điều khiển bởi ch&acirc;n 5 của IC. Đầu ti&ecirc;n l&agrave; IC 1 được l&agrave;m việc xung quang tần số l&agrave; 1hz v&agrave; tụ 47uF được nạp điện v&agrave; sau đ&oacute; l&agrave; xả điện li&ecirc;n tục qu&aacute; tr&igrave;nh đ&oacute; cứ diễn ra li&ecirc;n tục như vậy.</strong></p>\r\n\r\n<div style="background:transparent; border:0px; padding:0px">\r\n<div style="background:rgb(241, 241, 241); border:0px; padding:8px">\r\n<p><img alt="Nhửng mạch báo động đơn giản" src="http://hc.serveftp.com/uploads/dien-tu/2012_11/machbao1.jpg" style="height:226px; margin:0px; width:223px" /></p>\r\n\r\n<p><strong>Đ&acirc;y l&agrave; mạch tạo &acirc;m thanh đơn giản d&ugrave;ng cho c&ograve;i b&aacute;o động cho cảnh s&aacute;t</strong></p>\r\n\r\n<p><img alt="Nhửng mạch báo động đơn giản" src="http://hc.serveftp.com/uploads/dien-tu/2012_11/machbao2.jpg" style="height:207px; margin:0px; width:450px" /></p>\r\n\r\n<p>Mạch được tạo bởi 2 con IC 555 d&ugrave;ng để tạo dao động. Tần số được điều khiển bởi ch&acirc;n 5 của IC. Đầu ti&ecirc;n l&agrave; IC 1 được l&agrave;m việc xung quang tần số l&agrave; 1hz v&agrave; tụ 47uF được nạp điện v&agrave; sau đ&oacute; l&agrave; xả điện li&ecirc;n tục qu&aacute; tr&igrave;nh đ&oacute; cứ diễn ra li&ecirc;n tục như vậy. Tần số ra loa được điều chế bởi IC2 v&agrave; ta nghe được &acirc;m thanh ra loa.<br />\r\nHai biến trở VR1 v&agrave; VR2 d&ugrave;ng để điều chế tần số đầu ra cho Loa. Tần số cảng lớn th&igrave; tiếng h&uacute; c&ograve;i c&agrave;ng to. Đ&acirc;y l&agrave; mạch b&aacute;o động &aacute;nh s&aacute;ng. Được sử dụng trong ph&ograve;ng tối v&agrave; khi c&oacute; &aacute;nh s&aacute;ng lọt v&agrave;o th&igrave; mạch sẽ ph&aacute;t ra tiếng b&aacute;o cho ta biết l&agrave; c&oacute; &aacute;nh s&aacute;ng</p>\r\n\r\n<p><img alt="Nhửng mạch báo động đơn giản" src="http://hc.serveftp.com/uploads/dien-tu/2012_11/machbao3.jpg" style="height:216px; margin:0px; width:450px" /></p>\r\n\r\n<p>Nh&igrave;n v&agrave;o mạch tr&ecirc;n kh&aacute; l&agrave; đơn giản v&igrave; mạch chỉ sử dụng 1 con 555 để tạo dao động ph&aacute;t &acirc;m thanh ra loa v&agrave; 1 con LDR cảm biến &aacute;nh s&aacute;ng.<br />\r\n+ 555 ở đ&acirc;y l&agrave; con tạo dao động xung vu&ocirc;ng trong mạch n&agrave;y n&oacute; tạo dao động l&agrave; 1Khz cấp cho tải l&agrave; Loa<br />\r\n+ LDR l&agrave; cảm biến &aacute;nh s&aacute;ng. Khi kh&ocirc;ng c&oacute; anh s&aacute;ng th&igrave; cảm biến n&agrave;y c&oacute; gi&aacute; trị điện trở l&agrave; v&ocirc; c&ugrave;ng c&ograve;n khi c&oacute; &aacute;nh s&aacute;ng đủ mạch th&igrave; cảm biến c&oacute; gi&aacute; trị điện trở l&agrave; 0.<br />\r\nKhi c&oacute; &aacute;nh s&aacute;ng th&igrave; LDR sẽ c&oacute; điện trở bằng 0 khi đ&oacute; n&oacute; sẽ ph&acirc;n cực thuận cho con BC158 dẫn đến cấp điện &aacute;p v&agrave;o ch&acirc;n 4 của 555 l&agrave; mạch dao động 555 hoạt động v&agrave; ph&aacute;t &acirc;m thanh ra loa. C&ograve;n khi kh&ocirc;ng c&oacute; &aacute;nh s&aacute;ng th&igrave; LDR c&oacute; gi&aacute; trị điện trở v&ocirc; c&ugrave;ng do đ&oacute; n&oacute; ko ph&acirc;n cực được cho BC158 &gt; Kh&ocirc;ng c&oacute; t&iacute;n hiệu ra loa. Biến trở 100K d&ugrave;ng để điều chỉnh mức cường độ &aacute;nh s&aacute;ng cảnh b&aacute;o. Đ&acirc;y l&agrave; mạch b&aacute;o trộm nh&agrave; 4 trong 1. Sử dụng NE556 l&agrave;m cảnh b&aacute;o kết hợp với chu&ocirc;ng b&aacute;o động,</p>\r\n\r\n<p><img alt="Nhửng mạch báo động đơn giản" src="http://hc.serveftp.com/uploads/dien-tu/2012_11/machbao4.jpg" style="height:248px; margin:0px; width:450px" /></p>\r\n\r\n<p><strong>Mạch n&agrave;y được hoạt động khi phải thỏa m&atilde;n 4 điều kiện kh&aacute;c sau đ&acirc;y :</strong><br />\r\n+ Khi đ&egrave;n s&aacute;ng th&igrave; cảm biến LDR1 được bật<br />\r\n+ Khi đ&egrave;n s&aacute;ng th&igrave; cảm biến LDR2 được bật<br />\r\n+ Khi mở cửa<br />\r\n+ Khi chạm v&agrave;o vật (H&igrave;nh vẽ)<br />\r\nNếu m&agrave; kẻ trộm bị gặp phải 1 trong 4 trường hợp tr&ecirc;n th&igrave; sẽ c&oacute; 1 tiếng chu&ocirc;ng b&aacute;o động cho người bit l&agrave; c&oacute; kẻ trộmĐ&acirc;y l&agrave; mạch kh&ocirc;ng chỉ cho ch&uacute;ng ta biết mức nước ở thời điểm hiện tại m&agrave; n&oacute; c&ograve;n cảnh b&aacute;o cho ch&uacute;ng ta khi mức nước đ&atilde; đầy bằng hiện thị l&ecirc;n c&aacute;c đ&egrave;n LED v&agrave; chu&ocirc;ng b&aacute;o động</p>\r\n\r\n<p><img alt="Nhửng mạch báo động đơn giản" src="http://hc.serveftp.com/uploads/dien-tu/2012_11/machbao5.jpg" style="height:285px; margin:0px; width:450px" /></p>\r\n\r\n<p><strong>Mạch sử dụng IC CMOS CD4066</strong>&nbsp;để đ&oacute;ng cắt v&agrave; đưa t&iacute;n hiệu mức nước ra c&aacute;c LED (Tr&ecirc;n h&igrave;nh vẽ). Khi mức nước trong th&ugrave;ng kh&ocirc;ng c&oacute; nước th&igrave; điện trở 180K &ocirc;m được nối với mức thấp (GND) n&ecirc;n kh&ocirc;ng c&oacute; đ&egrave;n LED n&agrave;o s&aacute;ng. Khi c&oacute; mức nước v&agrave;o th&igrave; đầu ti&ecirc;n n&oacute; kết nối giữa S1 với nguồn dương th&ocirc;ng qua c&aacute;c ion trong nước khi đ&oacute; đ&oacute;ng kh&oacute;a S1 tạo cho đ&egrave;n LED 1 s&aacute;ng. Cứ như vậy th&igrave; c&aacute;c mức 2, 3, ,4 cũng như vậy mức nước đến đ&acirc;u th&igrave; đ&egrave;n sẽ s&aacute;ng đến đ&oacute;.<br />\r\nRi&ecirc;ng khi mức nước đ&atilde; đầy c&oacute; th&ecirc;m 1 chu&ocirc;ng cảnh b&aacute;o l&agrave; nước trong th&ugrave;ng đ&atilde; đầy. b&aacute;o hiệu cho con người l&agrave; nước đ&atilde; đầy th&ugrave;ng.</p>\r\n\r\n<p><img alt="Nhửng mạch báo động đơn giản" src="http://hc.serveftp.com/uploads/dien-tu/2012_11/machbao6.jpg" style="height:295px; margin:0px; width:450px" /></p>\r\n\r\n<p><strong>Đ&acirc;y l&agrave; mạch cảnh b&aacute;o mức nước</strong>&nbsp;đ&atilde; đầy hay b&aacute;o động cho 1 mức nước n&agrave;o đ&oacute;. Mạch sử dụng con 555 tạo dao động ph&aacute;t &acirc;m thanh ra loa. Tần số ra loa để b&aacute;o động sẽ l&agrave; tần số dao động của IC555 : Tần số l&agrave; : f = 1/(0.693*0.022.10^-6*(100.10^3+9.4.10^3) = ?. Tần số n&agrave;y kh&ocirc;ng được lớn hơn 20Khz v&igrave; như thế l&agrave;m sao m&agrave; tai người c&oacute; thể nghe thấy được.<br />\r\nHoạt động : Mạch kh&aacute; l&agrave; đơn giản gồm 1 con BC109C v&agrave; bộ cảm biến cũng kh&aacute; đơn giản l&agrave; cảm biến nước. Khi mức nước d&acirc;ng cao đến chỗ cảm biến nước th&igrave; l&uacute;c đ&oacute; d&ograve;ng điện từ nguồn được dẫn qua ion nước ph&acirc;n cực cho B của Transitor. Khi đ&oacute; transitor dẫn d&ograve;ng từ nguồn cấp nguồn cho 555. Dẫn đến 555 tạo dao động ph&aacute;t &acirc;m thanh ra loa. Khi mức nước kh&ocirc;ng chạm cảm biến th&igrave; B kh&ocirc;ng được ph&acirc;n cực ngắt nguồn cấp cho 555 n&ecirc;n loa sẽ kh&ocirc;ng ph&aacute;t t&iacute;n hiệu&nbsp;</p>\r\n</div>\r\n</div>', 'PIN', 1, 'PIN mặt trời có năng lượng được lấy từ mặt trời, tuy nhiên đôi lúc nó bị thiếu điện và hoạt động dưới công suốt. Lúc này chúng ta phải biết cách khắc phục nhược điểm chết người này.');
INSERT INTO `tbl_documents` (`doc_id`, `doc_title`, `doc_content`, `doc_type`, `doc_vip`, `doc_summary`) VALUES
(21, 'Cách sử dụng PIN tiếp khi hết điện', '<p><strong>Mạch nghịch lưu d&ugrave;ng 4047 Haicong.vn đ&atilde; lắp nhiều rồi , thường được ưu điểm xung ra ổn định nhưng nhược điểm l&agrave; ic kh&ocirc;ng chịu được d&ograve;ng cao hay ch&aacute;y.</strong></p>\r\n\r\n<div style="background:transparent; border:0px; padding:0px">\r\n<div style="background:rgb(241, 241, 241); border:0px; padding:8px">\r\n<p><img alt="Mạch inverter 500W dùng transistor đơn giản" src="http://hc.serveftp.com/uploads/dien-tu/2012_11/acqui3.jpg" style="height:181px; margin:0px; width:450px" /></p>\r\n\r\n<p>&nbsp;Ngược lại với th&igrave; tranistor tỏ ra kh&aacute; ổn định ,dễ lắp , đặc biệt&nbsp;Haicong.vn đ&atilde; test thử 2 mạch tr&ecirc;n 1 biến &aacute;p th&igrave; c&ocirc;ng suất của tran lớn hơn . Đ&acirc;y l&agrave; mạch nghịch lưu 500W . lưu &yacute; : biến &aacute;p sơ cấp quấn d&acirc;y 3mm &aacute;p t&acirc;m 11 V , biến trở 100K để chỉnh đ&uacute;ng tần số 50Hz , tran Cs D718X5 mỗi vế , th&ecirc;m mạch lọc LC .Ch&uacute;c c&aacute;c bạn th&agrave;nh c&ocirc;ng !</p>\r\n</div>\r\n</div>', 'PIN', 0, 'PIN dùng đươc một thời gian thường chai rất nhanh, nếu không biết cách giữ gìn, một cục PIN 6 cell có thể chỉ có tuổi thọ 6 tháng. Vậy làm cách nào để giữ gìn PIN tốt và sử dụng được lâu bền. Sau đây mình sẽ hướng dẫn các bạn cách sử dụng PIN được lâu và bền'),
(22, 'Hướng dẫn dùng PIN R78V', '<p><strong>L&agrave; ngưới th&iacute;ch khoa điện tử chắc ai cũng phải l&agrave;m cho m&igrave;nh một mạch nguồn để thực h&agrave;nh ! T&ugrave;y c&aacute;ch l&agrave;m của từng người nhưng cơ bản th&igrave; vẫn sử dụng c&aacute;c IC ổn &aacute;p họ 78 &amp; 79 , kết hợp với Ic Lm317 Lm337 để ra điện &aacute;p biến đổi .</strong></p>\r\n\r\n<div style="background:transparent; border:0px; padding:0px">\r\n<div style="background:rgb(241, 241, 241); border:0px; padding:8px">\r\n<p><img alt="Mạch nguồn ổn áp đối xứng đơn giản" src="http://hc.serveftp.com/uploads/dien-tu/2012_05/clip_image001_3.jpg" style="height:332px; margin:0px; width:450px" /></p>\r\n\r\n<p>Về nguy&ecirc;n tắc th&igrave; ch&uacute;ng ta sử dụng diot cầu kết hợp c&aacute;c tụ điện cho ra điện &aacute;p đối xứng cấp cho từng cặp ic 78,79 .Th&ecirc;m phần bảo vệ cầu ch&igrave; hoặc role ch&uacute;ng ta đ&atilde; c&oacute; một bộ nguồn ổn định để suw3 dụng .<img alt="Mạch nguồn ổn áp đối xứng đơn giản" src="http://hc.serveftp.com/uploads/dien-tu/2012_05/clip_image002_3.jpg" style="height:192px; margin:0px; width:450px" /></p>\r\n\r\n<p><img alt="Mạch nguồn ổn áp đối xứng đơn giản" src="http://hc.serveftp.com/uploads/dien-tu/2012_05/clip_image003_3.jpg" style="height:236px; margin:0px; width:450px" /></p>\r\n\r\n<p><img alt="Mạch nguồn ổn áp đối xứng đơn giản" src="http://hc.serveftp.com/uploads/dien-tu/2012_05/clip_image004_2.jpg" style="height:419px; margin:0px; width:450px" /></p>\r\n\r\n<p><img alt="Mạch nguồn ổn áp đối xứng đơn giản" src="http://hc.serveftp.com/uploads/dien-tu/2012_05/clip_image005_2.jpg" style="height:276px; margin:0px; width:450px" /></p>\r\n</div>\r\n</div>\r\n\r\n<h2>&nbsp;</h2>', 'PIN', 0, 'PIN r78V làm một loại pin khá mới trên thị trường, nó được dùng để hỗ trợ năng lượng cho các mạch theo chuẩn IC332Y1. Sau đấy chúng tôi sẽ hướng dẫn các bạn cách sử dụng PIN này '),
(23, 'Cách biến PIN một chiều sang 2 chiều', '<p><strong>1. Kh&aacute;i niệm về từ trường.&nbsp;</strong><br />\r\n<strong>&nbsp; Nam ch&acirc;m v&agrave; từ t&iacute;nh .</strong><br />\r\nTrong tự nhi&ecirc;n c&oacute; một số chất c&oacute; thể h&uacute;t được sắt gọi l&agrave; nam ch&acirc;m tự nhi&ecirc;n.<br />\r\nTrong c&ocirc;ng nghiệm người ta luyện th&eacute;p hoặc hợp chất th&eacute;p để tạo th&agrave;nh nam ch&acirc;m nh&acirc;n tạo.<br />\r\nNam ch&acirc;m lu&ocirc;n lu&ocirc;n c&oacute; hai cực l&agrave; cực bắc North (N) v&agrave; cực nam South (S) , nếu chặt thanh nam ch&acirc;m ra l&agrave;m 2 th&igrave; ta lại được hai nam ch&acirc;m mới cũng c&oacute; hai cực N v&agrave; S &ndash; đ&oacute; l&agrave; nam ch&acirc;m c&oacute; t&iacute;nh chất kh&ocirc;ng ph&acirc;n chia..<br />\r\nNam ch&acirc;m thường được ứng dụng để sản xuất loa điện động, micro hoặc m&ocirc; tơ DC.<br />\r\n<br />\r\n<strong>&nbsp; Từ trường&nbsp;</strong><br />\r\nTừ trường l&agrave; v&ugrave;ng kh&ocirc;ng gian xung quanh nam ch&acirc;m c&oacute; t&iacute;nh chất truyền lực từ l&ecirc;n c&aacute;c vật liệu c&oacute; từ t&iacute;nh, từ trường l&agrave; tập hợp của c&aacute;c đường sức đi từ Bắc đến cực nam.</p>\r\n\r\n<div style="background:transparent; border:0px; padding:0px"><img alt="Bài 4: Khái niệm về từ trường" src="http://hc.serveftp.com/uploads/dien-tu/2012_11/namcham1.gif" style="height:124px; margin:0px; width:232px" /></div>\r\n\r\n<p><strong>&nbsp; Cường độ từ trường&nbsp;</strong><br />\r\nL&agrave; đại lượng đặc trưng cho độ mạnh yếu của từ trường, k&yacute; hiệu l&agrave; H đơn vị l&agrave; A/m</p>\r\n\r\n<p><strong>&nbsp; Độ từ cảm</strong><br />\r\nL&agrave; đại lượng đặc trưng cho vật c&oacute; từ t&iacute;nh chịu t&aacute;c động của từ trường, độ từ cảm phụ thuộc v&agrave;o vật liệu . VD&nbsp; Sắt c&oacute; độ từ cảm mạnh hơn đồng nhiều lần . Độ từ cảm được t&iacute;nh bởi c&ocirc;ng thức</p>\r\n\r\n<p>B = &micro;.H</p>\r\n\r\n<p>Trong đ&oacute; B : l&agrave;&nbsp; độ từ cảm<br />\r\n&micro; : l&agrave; độ từ thẩm<br />\r\nH :&nbsp; l&agrave; cường độ từ trường</p>\r\n\r\n<p><strong>&nbsp; Từ th&ocirc;ng</strong><br />\r\nL&agrave; số đường sức đi qua một đơn vị diện t&iacute;ch, từ th&ocirc;ng tỷ lệ thuật với cường độ từ trường.</p>\r\n\r\n<div style="background:transparent; border:0px; padding:0px"><img alt="Bài 4: Khái niệm về từ trường" src="http://hc.serveftp.com/uploads/dien-tu/2012_11/tuthong.png" style="height:131px; margin:0px; width:232px" /></div>\r\n\r\n<p><strong>&nbsp; Ứng dụng của Nam ch&acirc;m vĩnh cửu.</strong><br />\r\nNam ch&acirc;m vĩnh cửu được ứng dụng nhiều trong thiết bị điện tử, ch&uacute;ng được d&ugrave;ng để sản xuất Loa, Micro v&agrave; c&aacute;c loại M&ocirc; tơ DC.</p>\r\n\r\n<div style="background:transparent; border:0px; padding:0px"><img alt="Bài 4: Khái niệm về từ trường" src="http://hc.serveftp.com/uploads/dien-tu/2012_11/speaker.png" style="height:120px; margin:0px; width:120px" /></div>', 'PIN', 0, 'Có một cách để biến PIN một chiều thành 2 chiều. Nếu làm đúng theo những hướng dẫn trong bài này, các bạn có thể thực hiện thành công mà không sợ nguy hiểm đến tính mạng.'),
(24, 'Làm sao biết PIN nào tốt?', '<p><strong>Mạch nghịch lưu d&ugrave;ng 4047 Haicong.vn đ&atilde; lắp nhiều rồi , thường được ưu điểm xung ra ổn định nhưng nhược điểm l&agrave; ic kh&ocirc;ng chịu được d&ograve;ng cao hay ch&aacute;y.</strong></p>\r\n\r\n<div style="background:transparent; border:0px; padding:0px">\r\n<div style="background:rgb(241, 241, 241); border:0px; padding:8px">\r\n<p><img alt="Mạch inverter 500W dùng transistor đơn giản" src="http://hc.serveftp.com/uploads/dien-tu/2012_11/acqui3.jpg" style="height:181px; margin:0px; width:450px" /></p>\r\n\r\n<p>&nbsp;Ngược lại với th&igrave; tranistor tỏ ra kh&aacute; ổn định ,dễ lắp , đặc biệt&nbsp;Haicong.vn đ&atilde; test thử 2 mạch tr&ecirc;n 1 biến &aacute;p th&igrave; c&ocirc;ng suất của tran lớn hơn . Đ&acirc;y l&agrave; mạch nghịch lưu 500W . lưu &yacute; : biến &aacute;p sơ cấp quấn d&acirc;y 3mm &aacute;p t&acirc;m 11 V , biến trở 100K để chỉnh đ&uacute;ng tần số 50Hz , tran Cs D718X5 mỗi vế , th&ecirc;m mạch lọc LC .Ch&uacute;c c&aacute;c bạn th&agrave;nh c&ocirc;ng !</p>\r\n</div>\r\n</div>', 'PIN', 0, 'Trên thị trường hiện này có rất nhiều loại PIN với nhiều chúng loại và mẫu mã. Tuy nhiên nếu không cẩn thận có thể gặp phải tình trạng mua phải PIN Trung Quốc kém chất lượng. Bằng một vài thủ thuật và mẹo nhỏ, bạn có thể biết PIN nào tốt, PIN nào không tốt.');

-- --------------------------------------------------------

--
-- Table structure for table `tbl_intro`
--

CREATE TABLE IF NOT EXISTS `tbl_intro` (
  `intro_id` int(10) unsigned NOT NULL AUTO_INCREMENT,
  `intro_content` longtext NOT NULL,
  PRIMARY KEY (`intro_id`)
) ENGINE=InnoDB  DEFAULT CHARSET=utf8 AUTO_INCREMENT=2 ;

--
-- Dumping data for table `tbl_intro`
--

INSERT INTO `tbl_intro` (`intro_id`, `intro_content`) VALUES
(1, '<h2><strong>Giới thiệu chung về c&ocirc;ng ty BKSUN</strong></h2>\r\n\r\n<p>C&ocirc;ng ty&nbsp;BKSUN l&agrave; c&ocirc;ng ty h&agrave;ng đầu Việt Nam trong lĩnh vực Linh kiện Điện tử. C&ocirc;ng ty chuy&ecirc;n cung cấp c&aacute;c mặt h&agrave;ng IC, LED, PIN, Tụ điện, Mạch nạp...</p>\r\n\r\n<p>Trải qua 2 th&aacute;ng th&agrave;nh lập, c&ocirc;ng ty đ&atilde; d&agrave;nh được nhiều th&agrave;nh c&ocirc;ng rực rỡ, được trao tặng nhiều giải thưởng&nbsp;nổi bật. Mục ti&ecirc;u của c&ocirc;ng ty trong năm tới l&agrave; tiếp tục đ&agrave; tăng trưởng 300%, mở rộng chuỗi hệ th&ocirc;ng cửa h&agrave;ng, đa dạng h&oacute;a sản phẩm, n&acirc;ng cao chất lượng phục vụ.</p>\r\n\r\n<p>&nbsp;</p>\r\n\r\n<p><a href="http://a8.vietbao.vn/images/vn888/hot/201007/1291362275-1-Dientu31210.jpeg"><img src="http://a8.vietbao.vn/images/vn888/hot/201007/1291362275-1-Dientu31210.jpeg" style="border-width:0px; height:393px; margin-top:0px; width:524px" /></a></p>\r\n\r\n<p>&nbsp;</p>\r\n\r\n<p><em>Nữ&nbsp;C&ocirc;ng nh&acirc;n đang hăng say l&agrave;m việc trong tập đo&agrave;n&nbsp;BKSUN</em></p>\r\n\r\n<p>&nbsp;</p>\r\n\r\n<p>Thực hiện mục ti&ecirc;u chiến lược x&acirc;y dựng Tập đo&agrave;n BKSUN&nbsp;kh&ocirc;ng chỉ l&agrave; trung t&acirc;m đ&agrave;o tạo đa ng&agrave;nh, đa lĩnh vực, tr&igrave;nh độ cao m&agrave; c&ograve;n l&agrave; trung t&acirc;m Nghi&ecirc;n cứu khoa học - chuyển giao c&ocirc;ng nghệ ti&ecirc;n tiến của Việt Nam. C&ocirc;ng ty&nbsp;đ&atilde; tăng cường quy m&ocirc; đ&agrave;o tạo của cả hệ ĐH v&agrave; sau ĐH, đa dạng h&oacute;a loại h&igrave;nh đ&agrave;o tạo, mở th&ecirc;m ng&agrave;nh v&agrave; chuy&ecirc;n ng&agrave;nh mới, đổi mới căn bản mục ti&ecirc;u, nội dung chương tr&igrave;nh v&agrave; phương thức đ&agrave;o tạo. C&ocirc;ng ty BKSUN&nbsp;đang đ&agrave;o tạo tr&ecirc;n 40.000 SV, học vi&ecirc;n cao học v&agrave; nghi&ecirc;n cứu sinh với 67 chuy&ecirc;n ng&agrave;nh đại học v&agrave; 33 chuy&ecirc;n ng&agrave;nh cao học, 57 chuy&ecirc;n ng&agrave;nh tiến sĩ. Trong giai đoạn n&agrave;y, Trường đ&atilde; đẩy mạnh c&ocirc;ng t&aacute;c Nghi&ecirc;n cứu khoa học - chuyển giao c&ocirc;ng nghệ v&agrave; sản xuất kinh doanh. Vị thế của Đại học B&aacute;ch Khoa H&agrave; Nội trong hợp t&aacute;c quốc tế v&agrave; hiệu quả từ c&aacute;c mối hợp t&aacute;c n&agrave;y mang lại cho Trường ng&agrave;y c&agrave;ng tăng, đặc biệt trong những năm gần đ&acirc;y. Hiện nay Trường c&oacute; quan hệ hợp t&aacute;c trong đ&agrave;o tạo, Nghi&ecirc;n cứu khoa học với tr&ecirc;n 200 trường đại học, trung t&acirc;m Nghi&ecirc;n cứu khoa học, viện nghi&ecirc;n cứu v&agrave; tổ chức gi&aacute;o dục của 32 quốc gia tr&ecirc;n thế giới, l&agrave; th&agrave;nh vi&ecirc;n của 8 tổ chức mạng lưới đại học quốc tế. Th&ocirc;ng qua hợp t&aacute;c quốc tế, Trường đ&atilde; cử khoảng 500 c&aacute;n bộ v&agrave; sinh vi&ecirc;n đi nước ngo&agrave;i học tập, nghi&ecirc;n cứu, trao đổi,...X&acirc;y dựng h&agrave;ng chục dự &aacute;n quốc tế về đ&agrave;o tạo, trang bị, Nghi&ecirc;n cứu khoa học để g&oacute;p phần tăng cường cơ sở vật chất cho Trường. Bộ GD-ĐT Việt Nam đ&atilde; giao cho BKSUN thực hiện hai chương tr&igrave;nh đ&agrave;o tạo ti&ecirc;n tiến l&agrave; chương tr&igrave;nh Cơ - Điện tử v&agrave; C&ocirc;ng nghệ Vật liệu hướng tới những nội dung chương tr&igrave;nh hiện đại nhất của c&aacute;c nước. Từ năm 1986 đến nay cơ sở vật chất của C&ocirc;ng tyđ&atilde; được cải tạo v&agrave; n&acirc;ng cấp một c&aacute;ch cơ bản, cơ sở hạ tầng v&agrave; cảnh quan đ&atilde; khang trang sạch đẹp hơn nhiều, đ&atilde; đầu tư nhiều ph&ograve;ng th&iacute; nghiệm hiện đại, x&acirc;y dựng v&agrave; đang thực hiện nhiều dự &aacute;n lớn phục vụ c&ocirc;ng t&aacute;c đ&agrave;o tạo v&agrave; Nghi&ecirc;n cứu khoa học ở tr&igrave;nh độ cao. Điều kiện l&agrave;m việc v&agrave; đời sống vật chất, tinh thần của c&aacute;n bộ, sinh vi&ecirc;n kh&ocirc;ng ngừng được cải thiện. Đặc biệt, th&aacute;ng 9/2006 C&ocirc;ng ty&nbsp;đ&atilde; đưa v&agrave;o sử dụng Thư viện điện tử Tạ Quang Bửu với mức đầu tư 199 tỷ VNĐ, đ&atilde; đ&aacute;p ứng nhu cầu về tra cứu th&ocirc;ng tin của giảng vi&ecirc;n v&agrave; sinh vi&ecirc;n.</p>\r\n\r\n<p>Năm 2006, C&ocirc;ng ty&nbsp;đ&atilde; x&acirc;y dựng Đề &aacute;n: &lsquo;&lsquo;Quy hoạch tổng thể x&acirc;y dựng v&agrave; ph&aacute;t triển trường C&ocirc;ng ty BKSUN&nbsp;giai đoạn 2006-2030<em>. Mục ti&ecirc;u của c&ocirc;ng ty l&agrave; trở th&agrave;nh tập đo&agrave;n điện tử số 1 Thế giới. Để l&agrave;m được điều đ&oacute;, ch&uacute;ng t&ocirc;i sẽ cố gắng đẩy mạnh đầu tư ph&aacute;t triển nguồn nh&acirc;n lực chất lượng cao, đi đ&ocirc;i với c&ocirc;ng t&aacute;c ph&uacute;c lợi x&atilde; hội - </em>Tổng gi&aacute;m đốc c&ocirc;ng ty chia sẻ.</p>\r\n');

-- --------------------------------------------------------

--
-- Table structure for table `tbl_online`
--

CREATE TABLE IF NOT EXISTS `tbl_online` (
  `tgtmp` int(15) NOT NULL DEFAULT '0',
  `ip` varchar(50) NOT NULL,
  `local` varchar(100) NOT NULL,
  PRIMARY KEY (`tgtmp`),
  KEY `ip` (`ip`),
  KEY `local` (`local`)
) ENGINE=InnoDB DEFAULT CHARSET=latin1;

--
-- Dumping data for table `tbl_online`
--

INSERT INTO `tbl_online` (`tgtmp`, `ip`, `local`) VALUES
(1408085073, '::1', '/bksun/index.php'),
(1408085084, '::1', '/bksun/index.php');

-- --------------------------------------------------------

--
-- Table structure for table `tbl_orders`
--

CREATE TABLE IF NOT EXISTS `tbl_orders` (
  `order_id` int(10) NOT NULL AUTO_INCREMENT,
  `pro_id` int(10) NOT NULL,
  `user_id` int(10) NOT NULL,
  `order_date` datetime NOT NULL,
  `order_number` int(10) NOT NULL,
  `order_status` tinyint(1) NOT NULL,
  `order_notice` int(11) DEFAULT NULL,
  `order_name` int(10) DEFAULT NULL,
  PRIMARY KEY (`order_id`)
) ENGINE=InnoDB  DEFAULT CHARSET=utf8 AUTO_INCREMENT=20 ;

--
-- Dumping data for table `tbl_orders`
--

INSERT INTO `tbl_orders` (`order_id`, `pro_id`, `user_id`, `order_date`, `order_number`, `order_status`, `order_notice`, `order_name`) VALUES
(2, 1, 12, '2014-07-15 15:03:32', 1, 0, 1, 2),
(4, 2, 13, '2014-07-19 15:03:32', 1, 0, 1, 3),
(5, 1, 2, '2014-07-02 00:00:00', 1, 1, 1, 4),
(6, 3, 12, '2014-07-18 00:00:00', 3, 0, 2, 5),
(7, 4, 12, '2014-07-15 15:03:32', 2, 0, 1, 2),
(8, 3, 12, '2014-07-15 15:03:32', 1, 0, 1, 2),
(9, 6, 12, '2014-07-15 15:03:32', 1, 0, 1, 2),
(10, 7, 12, '2014-07-15 15:03:32', 2, 0, 1, 2),
(11, 1, 11, '2014-08-15 11:11:26', 27, 0, 1, 6),
(12, 6, 11, '2014-08-15 11:11:26', 3, 0, 1, 6),
(13, 2, 11, '2014-08-15 13:02:51', 8, 0, 2, 7),
(14, 50, 11, '2014-08-15 13:02:51', 2, 0, 2, 7),
(15, 60, 11, '2014-08-15 13:02:51', 76, 0, 2, 7),
(16, 44, 11, '2014-08-15 13:02:51', 2, 0, 2, 7),
(17, 38, 11, '2014-08-15 13:02:51', 1, 0, 2, 7),
(18, 3, 11, '2014-08-15 13:02:51', 3, 0, 2, 7),
(19, 4, 11, '2014-08-15 13:12:21', 2147483647, 0, 3, 8);

-- --------------------------------------------------------

--
-- Table structure for table `tbl_products`
--

CREATE TABLE IF NOT EXISTS `tbl_products` (
  `pro_id` int(10) unsigned NOT NULL DEFAULT '0',
  `pro_name` varchar(200) CHARACTER SET utf8 NOT NULL,
  `pro_price` varchar(100) NOT NULL,
  `pro_info` text CHARACTER SET utf8 NOT NULL,
  `pro_full` longtext CHARACTER SET utf8 NOT NULL,
  `pro_image` varchar(100) CHARACTER SET utf8 NOT NULL,
  `pro_number` int(10) NOT NULL,
  `pro_import` date NOT NULL,
  `cate_id` int(10) NOT NULL,
  `pro_hot` int(11) NOT NULL,
  `pro_new` int(11) NOT NULL,
  PRIMARY KEY (`pro_id`)
) ENGINE=InnoDB DEFAULT CHARSET=latin1;

--
-- Dumping data for table `tbl_products`
--

INSERT INTO `tbl_products` (`pro_id`, `pro_name`, `pro_price`, `pro_info`, `pro_full`, `pro_image`, `pro_number`, `pro_import`, `cate_id`, `pro_hot`, `pro_new`) VALUES
(1, 'LM2596S-ADJ', '3500', 'Thương hiệu sản phẩm: Mỹ', 'VCC: 0.5V\r\nVIH: 3V\r\nVOL: 2V', 'ic1.jpg', 50, '2014-07-08', 1, 0, 1),
(2, 'MC34063AD', '2000', 'Thương hiệu sản phẩm:  China', 'VCC: 0.5V\r\nVIH: 3V\r\nVOL: 2V', 'ic2.jpg', 20, '2014-07-24', 1, 1, 1),
(3, ' UA7805CKCS', '900000', 'Thương hiệu sản phẩm:  China', 'VCC: 0.5V\r\nVIH: 3V\r\nVOL: 2V', 'ic3.jpg', 30, '2014-07-03', 1, 0, 0),
(4, 'TLV1117LV33DCYR ', '6000', 'Thương hiệu sản phẩm: Việt Nam', 'VCC: 0.5V\r\nVIH: 3V\r\nVOL: 2V', 'ic4.jpg', 20, '2014-07-10', 1, 1, 1),
(5, 'TPS3823-33DBVR', '18000', 'Thương hiệu sản phẩm: Việt Nam', 'VCC: 0.5V\r\nVIH: 3V\r\nVOL: 2V', 'ic5.jpg', 20, '2014-07-11', 1, 0, 0),
(6, 'TPS54260QDGQRQ1 ', '30000', 'Thương hiệu sản phẩm: Mỹ', 'VCC: 0.5V\r\nVIH: 3V\r\nVOL: 2V', 'ic6.jpg', 30, '2014-07-10', 1, 0, 1),
(7, '78L05', '40000', 'Thương hiệu sản phẩm: Việt Nam', 'VCC: 0.5V\r\nVIH: 3V\r\nVOL: 2V', 'ic7.jpg', 43, '2014-07-23', 1, 0, 0),
(8, 'AMS1117-3.3', '50000', 'Thương hiệu sản phẩm:  China', 'VCC: 0.5V\r\nVIH: 3V\r\nVOL: 2V', 'ic8.jpg', 43, '2014-07-09', 1, 0, 1),
(9, 'TPS73733DCQ ', '90000', 'Thương hiệu sản phẩm: Việt Nam', 'VCC: 0.5V\r\nVIH: 3V\r\nVOL: 2V', 'ic9.jpg', 54, '2014-07-02', 1, 1, 1),
(10, 'TPS7A4533DCQR ', '150000', 'Thương hiệu sản phẩm: Mỹ', 'VCC: 0.5V\r\nVIH: 3V\r\nVOL: 2V', 'ic10.jpg', 32, '2014-07-09', 1, 0, 0),
(11, 'LCD1602A-GY', '3500', 'Thương hiệu sản phẩm: Việt Nam', 'CRI: < 60\r\nLed driver: DC\r\nMàu: Đỏ', 'led1.jpg', 20, '2014-07-16', 2, 1, 0),
(12, 'LED AVR 16 KÊNH 20A', '75000', 'Thương hiệu sản phẩm:  China', 'CRI: < 60\r\nLed driver: DC\r\nMàu: Đỏ', 'led2.jpg', 32, '2014-07-09', 2, 1, 1),
(13, ' LED 0805 Blue', '8000', 'Thương hiệu sản phẩm:  China', 'CRI: < 60\r\nLed driver: DC\r\nMàu: Đỏ', 'led3.jpg', 21, '2014-07-30', 2, 0, 0),
(14, 'LED 0805 Red', '5000', 'Thương hiệu sản phẩm: Việt Nam', 'CRI: < 60\r\nLed driver: DC\r\nMàu: Đỏ', 'led4.jpg', 32, '2014-07-04', 2, 1, 0),
(15, 'LED 3mm Green', '3000', 'Thương hiệu sản phẩm: Mỹ', 'CRI: < 60\r\nLed driver: DC\r\nMàu: Đỏ', 'led5.jpg', 43, '2014-07-10', 2, 0, 1),
(16, 'LED 3mm Yellow', '3000', 'Thương hiệu sản phẩm:  Japan', 'CRI: < 60\r\nLed driver: DC\r\nMàu: Đỏ', 'led6.jpg', 12, '2014-07-31', 2, 0, 0),
(17, ' LED 3mm Red', '3000', 'Thương hiệu sản phẩm: Việt Nam', 'CRI: < 60\r\nLed driver: DC\r\nMàu: Đỏ', 'led7.jpg', 32, '2014-07-30', 2, 1, 0),
(18, 'Led 7 Anot ', '2500', 'Thương hiệu sản phẩm: Mỹ', 'CRI: < 60\r\nLed driver: DC\r\nMàu: Đỏ', 'led8.jpg', 30, '2014-07-16', 2, 0, 1),
(19, ' Led 7 x 4 Digit ', '12000', 'Thương hiệu sản phẩm: Việt Nam', 'CRI: < 60\r\nLed driver: DC\r\nMàu: Đỏ', 'led9.jpg', 21, '2014-07-30', 2, 0, 0),
(20, 'Module LCD Nokia 5510', '75000', 'Thương hiệu sản phẩm:  Japan', 'Số chân: 3\r\nĐiện trở: 0.5 Ω\r\nSai số: 10%', 'led10.jpg', 34, '2014-07-09', 2, 1, 1),
(21, 'Biến Trở B102 1K 16X2MM', '3000', 'Thương hiệu sản phẩm: Việt Nam', 'Số chân: 3\r\nĐiện trở: 0.5 Ω\r\nSai số: 10%', 'dt1.jpg', 100, '2014-07-18', 5, 1, 0),
(22, 'Trở Băng 1K A07-102', '1000', 'Thương hiệu sản phẩm:  China', 'Số chân: 3\r\nĐiện trở: 0.5 Ω\r\nSai số: 10%', 'dt2.jpg', 50, '2014-07-18', 5, 0, 1),
(23, 'Trở Dán 2512 3.3K ', '500', 'Thương hiệu sản phẩm:  China', 'Số chân: 3\r\nĐiện trở: 0.5 Ω\r\nSai số: 10%', 'dt3.jpg', 100, '2014-07-18', 5, 1, 0),
(24, 'Trở Dán 2512 2.2K', '6000', 'Thương hiệu sản phẩm: Việt Nam', 'Số chân: 3\r\nĐiện trở: 0.5 Ω\r\nSai số: 10%', 'dt4.jpg', 150, '2014-07-18', 5, 0, 0),
(25, 'Trở Dán 2512 1K', '500', 'Thương hiệu sản phẩm:  China', 'Số chân: 3\r\nĐiện trở: 0.5 Ω\r\nSai số: 10%', 'dt5.jpg', 300, '2014-07-18', 5, 1, 0),
(26, 'Trở Dán 2512 10K', '500', 'Thương hiệu sản phẩm: Việt Nam', 'Số chân: 3\r\nĐiện trở: 0.5 Ω\r\nSai số: 10%', 'dt6.jpg', 100, '2014-07-18', 5, 0, 1),
(27, 'Trở Dán 2512 100K', '500', 'Thương hiệu sản phẩm:  Japan', 'Số chân: 3\r\nĐiện trở: 0.5 Ω\r\nSai số: 10%', 'dt7.jpg', 100, '2014-07-18', 5, 1, 0),
(28, 'NTC-MF52AT 100K', '5000', 'Thương hiệu sản phẩm:  China', 'Số chân: 3\r\nĐiện trở: 0.5 Ω\r\nSai số: 10%', 'dt8.jpg', 150, '2014-07-18', 5, 0, 0),
(29, 'Biến Trở RK097G B10K', '10000', 'Thương hiệu sản phẩm:  China', 'Số chân: 3\r\nĐiện trở: 0.5 Ω\r\nSai số: 10%', 'dt9.jpg', 100, '2014-07-18', 5, 1, 0),
(30, 'Dây Đo Nhiệt Độ NTC MF58', '25000', 'Thương hiệu sản phẩm:  Japan', 'Số chân: 3\r\nĐiện trở: 0.5 Ω\r\nSai số: 10%', 'dt10.jpg', 100, '2014-07-18', 5, 0, 0),
(31, 'Mạch Nạp USB FPGA Xilinx', '980000', 'Thương hiệu sản phẩm:  Japan', 'Điện áp: 15V\r\nĐường kính 16.2mm, Cao 34.5mm\r\nGiao tiếp qua cổng: USB', 'mn1.jpg', 50, '2014-07-18', 6, 1, 0),
(32, 'MSP430 LaunchPad', '6000', 'Thương hiệu sản phẩm: Mỹ', 'Điện áp: 15V\r\nĐường kính 16.2mm, Cao 34.5mm\r\nGiao tiếp qua cổng: USB', 'mn2.jpg', 50, '2014-07-18', 6, 1, 0),
(33, 'Mạch Nạp 89C SP200 MH', '200000', 'Thương hiệu sản phẩm:  China', 'Điện áp: 15V\r\nĐường kính 16.2mm, Cao 34.5mm\r\nGiao tiếp qua cổng: USB', 'mn3.jpg', 50, '2014-07-18', 6, 0, 1),
(34, 'Tiva™ C Series TM4C123G LaunchPad', '3500', 'Thương hiệu sản phẩm:  Mỹ', 'Điện áp: 15V\r\nĐường kính 16.2mm, Cao 34.5mm\r\nGiao tiếp qua cổng: USB', 'mn4.jpg', 150, '2014-07-18', 6, 1, 0),
(35, 'Mạch Nạp MSP430', '900000', 'Thương hiệu sản phẩm:  Mỹ', 'Điện áp: 15V\r\nĐường kính 16.2mm, Cao 34.5mm\r\nGiao tiếp qua cổng: USB', 'mn5.jpg', 50, '2014-07-18', 6, 1, 0),
(36, 'Mạch Nạp STC', '150000', 'Thương hiệu sản phẩm: Mỹ', 'Điện áp: 15V\r\nĐường kính 16.2mm, Cao 34.5mm\r\nGiao tiếp qua cổng: USB', 'mn6.jpg', 150, '2014-07-18', 6, 0, 0),
(37, 'MSP430F5529 USB LaunchPad', '80000', 'Thương hiệu sản phẩm: Việt Nam', 'Điện áp: 15V\r\nĐường kính 16.2mm, Cao 34.5mm\r\nGiao tiếp qua cổng: USB', 'mn7.jpg', 150, '2014-07-18', 6, 1, 1),
(38, 'Mini Kit MSP430F5510', '60000', 'Thương hiệu sản phẩm: Việt Nam', 'Điện áp: 15V\r\nĐường kính 16.2mm, Cao 34.5mm\r\nGiao tiếp qua cổng: USB', 'mn8.jpg', 50, '2014-07-18', 6, 1, 0),
(39, 'Mạch Nạp Jlink MH', '250000', 'Thương hiệu sản phẩm:  Japan', 'Điện áp: 15V\r\nĐường kính 16.2mm, Cao 34.5mm\r\nGiao tiếp qua cổng: USB', 'mn9.jpg', 150, '2014-07-18', 6, 0, 0),
(40, 'Mạch Nạp LED Quảng Cáo MH-isp', '210000', 'Thương hiệu sản phẩm:  Japan', 'Điện áp: 15V\r\nĐường kính 16.2mm, Cao 34.5mm\r\nGiao tiếp qua cổng: USB', 'mn10.jpg', 50, '2014-07-18', 6, 0, 0),
(41, 'Thạch Anh 16Mhz 49S SMD', '2500', 'Thương hiệu sản phẩm:  China', 'Tần số Transmitter: 308.160\r\nTần số Receiver: 318.860', 'ta1.jpg', 200, '2014-07-18', 7, 0, 0),
(42, 'Thạch Anh 24Mhz 49S SMD', '2000', 'Thương hiệu sản phẩm: Việt Nam', 'Tần số Transmitter: 308.160\r\nTần số Receiver: 318.860', 'ta2.jpg', 150, '2014-07-18', 7, 1, 0),
(43, 'Thạch anh 32.768KHZ 2x6MM', '2500', 'Thương hiệu sản phẩm:  China', 'Tần số Transmitter: 308.160\r\nTần số Receiver: 318.860', 'ta3.jpg', 150, '2014-07-18', 7, 1, 0),
(44, 'Thạch Anh 12Mhz 3 Chân', '2000', 'Thương hiệu sản phẩm: Mỹ', 'Tần số Transmitter: 308.160\r\nTần số Receiver: 318.860', 'ta4.jpg', 200, '2014-07-18', 7, 0, 1),
(45, 'Thạch Anh 8Mhz 3 Chân', '2500', 'Thương hiệu sản phẩm:  China', 'Tần số Transmitter: 308.160\r\nTần số Receiver: 318.860', 'ta5.jpg', 150, '2014-07-18', 7, 0, 0),
(46, 'Tấm Lót Thạch Anh 49S', '500', 'Thương hiệu sản phẩm:  Japan', 'Tần số Transmitter: 308.160\r\nTần số Receiver: 318.860', 'ta6.jpg', 150, '2014-07-18', 7, 0, 0),
(47, 'Thạch Anh 7.3728Mhz 49S SMD', '6000', 'Thương hiệu sản phẩm:  China', 'Tần số Transmitter: 308.160\r\nTần số Receiver: 318.860', 'ta7.jpg', 200, '2014-07-18', 7, 1, 0),
(48, 'Thạch Anh 24Mhz 49S DIP', '2000', 'Thương hiệu sản phẩm:  Japan', 'Tần số Transmitter: 308.160\r\nTần số Receiver: 318.860', 'ta8.jpg', 150, '2014-07-18', 7, 1, 0),
(49, 'Thạch Anh 12Mhz 49S SMD', '2500', 'Thương hiệu sản phẩm:  China', 'Tần số Transmitter: 308.160\r\nTần số Receiver: 318.860', 'ta9.jpg', 200, '2014-07-18', 7, 0, 0),
(50, 'Thạch anh 4Mhz 49S SMD', '2500', 'Thương hiệu sản phẩm:  China', 'Tần số Transmitter: 308.160\r\nTần số Receiver: 318.860', 'ta10.jpg', 150, '2014-07-18', 7, 1, 0),
(51, 'PIN ER6C (AA) F2-40BL', '350000', 'Thương hiệu sản phẩm: Việt Nam', 'Điện áp ra 3.7V\r\nSạc với các mạch sạc 3.7V TP4056\r\nĐường kính 16.2mm, Cao 34.5mm\r\n', 'pin1.jpg', 200, '2014-07-18', 3, 0, 1),
(52, 'Sạc Thông Minh POWERLINE 4 PRO', '1200000', 'Thương hiệu sản phẩm: Việt Nam', 'Điện áp ra 3.7V\r\nSạc với các mạch sạc 3.7V TP4056\r\nĐường kính 16.2mm, Cao 34.5mm\r\n', 'pin2.jpg', 150, '2014-07-18', 3, 0, 0),
(53, 'Đế Pin Ultrafire 1AA 16340', '15000', 'Thương hiệu sản phẩm: Mỹ', 'Điện áp ra 3.7V\r\nSạc với các mạch sạc 3.7V TP4056\r\nĐường kính 16.2mm, Cao 34.5mm\r\n', 'pin3.jpg', 150, '2014-07-18', 3, 1, 1),
(54, 'Hộp Đế Pin 9V', '3500', 'Thương hiệu sản phẩm: Việt Nam', 'Điện áp ra 3.7V\r\nSạc với các mạch sạc 3.7V TP4056\r\nĐường kính 16.2mm, Cao 34.5mm\r\n', 'pin4.jpg', 200, '2014-07-18', 3, 0, 0),
(55, 'Đế Pin 12V 23A ( 27A )', '15000', 'Thương hiệu sản phẩm: Việt Nam', 'Điện áp ra 3.7V\r\nSạc với các mạch sạc 3.7V TP4056\r\nĐường kính 16.2mm, Cao 34.5mm\r\n', 'pin5.jpg', 150, '2014-07-18', 3, 1, 1),
(56, 'Pin UltraFile 1200mAh 3.7V 16340 ( Giá 1 Viên)', '40000', 'Thương hiệu sản phẩm:  Japan', 'Điện áp ra 3.7V\r\nSạc với các mạch sạc 3.7V TP4056\r\nĐường kính 16.2mm, Cao 34.5mm\r\n', 'pin6.jpg', 150, '2014-07-18', 3, 0, 0),
(57, 'Pin Sạc Camelion 9V', '90000', 'Thương hiệu sản phẩm: Việt Nam', 'Điện áp ra 3.7V\r\nSạc với các mạch sạc 3.7V TP4056\r\nĐường kính 16.2mm, Cao 34.5mm\r\n', 'pin7.jpg', 200, '2014-07-18', 3, 1, 1),
(58, 'Pin Evereay 9V', '6000', 'Thương hiệu sản phẩm: Mỹ', 'Điện áp ra 3.7V\r\nSạc với các mạch sạc 3.7V TP4056\r\nĐường kính 16.2mm, Cao 34.5mm\r\n', 'pin8.jpg', 100, '2014-07-18', 3, 0, 0),
(59, 'Pin ANSMANN AA-2 Viên\r\n( Không sạc)', '15000', 'Thương hiệu sản phẩm: Việt Nam', 'Điện áp ra 3.7V\r\nSạc với các mạch sạc 3.7V TP4056\r\nĐường kính 16.2mm, Cao 34.5mm\r\n', 'pin9.jpg', 200, '2014-07-18', 3, 1, 1),
(60, 'Đế Pin Ultrafire 2 AA 18650', '15000', 'Thương hiệu sản phẩm:  China', 'Điện áp ra 3.7V\r\nSạc với các mạch sạc 3.7V TP4056\r\nĐường kính 16.2mm, Cao 34.5mm\r\n', 'pin10.jpg', 100, '2014-07-18', 3, 0, 1),
(61, 'Tụ Nhôm 10uF 50V 5x5MM', '3000', 'Thương hiệu sản phẩm: Việt Nam', 'Điện dung: 47uF\r\nĐiện áp: 35V\r\nNhiệt độ: 30°C', 'tu1.jpg', 170, '2014-07-18', 4, 1, 0),
(62, 'Tụ Nhôm 220uF 50V 10x10.2MM', '3500', 'Thương hiệu sản phẩm: Việt Nam', 'Điện dung: 57uF\r\nĐiện áp: 45V\r\nNhiệt độ: 35°C', 'tu2.jpg', 200, '2014-07-18', 4, 0, 0),
(63, 'Tụ Nhôm 220UF 16V 6.3x7.7MM', '3000', 'Thương hiệu sản phẩm: Mỹ', 'Điện dung: 47uF\r\nĐiện áp: 35V\r\nNhiệt độ: 30°C', 'tu3.jpg', 170, '2014-07-18', 4, 1, 1),
(64, 'Tụ Nhôm 330UF 25V 8x10.2MM', '150000', 'Thương hiệu sản phẩm:  China', 'Điện dung: 57uF\r\nĐiện áp: 45V\r\nNhiệt độ: 35°C', 'tu4.jpg', 200, '2014-07-18', 4, 0, 0),
(65, 'Tụ Nhôm 330UF 50V 10x10.2MM', '3500', 'Thương hiệu sản phẩm:  Japan', 'Điện dung: 57uF\r\nĐiện áp: 45V\r\nNhiệt độ: 35°C', 'tu5.jpg', 100, '2014-07-18', 4, 1, 1),
(66, 'Tụ Nhôm 470UF 25V 10x10.3MM', '6000', 'Thương hiệu sản phẩm: Việt Nam', 'Điện dung: 57uF\r\nĐiện áp: 45V\r\nNhiệt độ: 35°C', 'tu6.jpg', 200, '2014-07-18', 4, 0, 0),
(67, 'Tụ Nhôm 100UF 50V 8x10.2MM', '50000', 'Thương hiệu sản phẩm: Mỹ', 'Điện dung: 47uF\r\nĐiện áp: 35V\r\nNhiệt độ: 30°C', 'tu7.jpg', 100, '2014-07-18', 4, 1, 1),
(68, 'Tụ Nhôm 100uF 25V 6x7MM', '3500', 'Thương hiệu sản phẩm: Việt Nam', 'Điện dung: 57uF\r\nĐiện áp: 45V\r\nNhiệt độ: 35°C', 'tu8.jpg', 170, '2014-07-18', 4, 1, 0),
(69, 'Tụ Nhôm 220UF 25V 8x10.2MM', '3500', 'Thương hiệu sản phẩm:  China', 'Điện dung: 57uF\r\nĐiện áp: 45V\r\nNhiệt độ: 35°C', 'tu9.jpg', 200, '2014-07-18', 4, 0, 1),
(70, 'Tụ Nhôm 330UF 16V 8x10MM', '3000', 'Thương hiệu sản phẩm: Mỹ', 'Điện dung: 47uF\r\nĐiện áp: 35V\r\nNhiệt độ: 30°C', 'tu10.jpg', 100, '2014-07-18', 4, 0, 0);

-- --------------------------------------------------------

--
-- Table structure for table `tbl_sales`
--

CREATE TABLE IF NOT EXISTS `tbl_sales` (
  `sale_id` int(10) NOT NULL AUTO_INCREMENT,
  `pro_id` int(11) NOT NULL,
  `sale_percent` double NOT NULL,
  `sale_price` int(10) NOT NULL,
  `sale_start` date DEFAULT NULL,
  `sale_end` date DEFAULT NULL,
  `sale_notice` varchar(1000) DEFAULT NULL,
  PRIMARY KEY (`sale_id`)
) ENGINE=InnoDB  DEFAULT CHARSET=utf8 AUTO_INCREMENT=2 ;

--
-- Dumping data for table `tbl_sales`
--

INSERT INTO `tbl_sales` (`sale_id`, `pro_id`, `sale_percent`, `sale_price`, `sale_start`, `sale_end`, `sale_notice`) VALUES
(1, 6, 20, 9000, '2014-07-01', '2014-07-31', '');

-- --------------------------------------------------------

--
-- Table structure for table `tbl_users`
--

CREATE TABLE IF NOT EXISTS `tbl_users` (
  `user_id` int(10) unsigned NOT NULL AUTO_INCREMENT,
  `user_name` varchar(150) NOT NULL,
  `user_pass` char(50) NOT NULL,
  `user_fullname` varchar(100) NOT NULL,
  `user_gender` int(1) NOT NULL DEFAULT '1',
  `user_phone` varchar(100) NOT NULL,
  `user_email` varchar(100) NOT NULL,
  `user_level` int(1) NOT NULL,
  PRIMARY KEY (`user_id`)
) ENGINE=InnoDB  DEFAULT CHARSET=utf8 AUTO_INCREMENT=18 ;

--
-- Dumping data for table `tbl_users`
--

INSERT INTO `tbl_users` (`user_id`, `user_name`, `user_pass`, `user_fullname`, `user_gender`, `user_phone`, `user_email`, `user_level`) VALUES
(2, 'kiki', 'fcea920f7412b5da7be0cf42b8c93759', 'The kiki', 1, '0977123456', 'kizi@yahoo.com', 1),
(11, 'admin', 'fcea920f7412b5da7be0cf42b8c93759', 'Trương Lộc Bình', 1, '0977123456', 'binhtl@gmail.com', 1),
(12, 'laphm', 'e10adc3949ba59abbe56e057f20f883e', 'lap', 1, '34134242', 'fhs@gmail.com', 2),
(13, 'laphm1', '827ccb0eea8a706c4c34a16891f84e7b', 'lap', 1, 'gfdg', 'gfdg', 2),
(15, 'dangky', '81dc9bdb52d04dc20036dbd8313ed055', 'dfs', 1, 'fdsa', 'fsad', 2),
(16, 'tẻt', '7e764aa6b7529530855f0373606d1886', 'trew', 1, 'tretw', 'tẻtw', 2),
(17, 'uoiuoiuoiuoi', '1444b5e335055af85dc78d46eb4fb15d', 'fdsf', 1, 'dfaf', 'sdfasf', 2);

/*!40101 SET CHARACTER_SET_CLIENT=@OLD_CHARACTER_SET_CLIENT */;
/*!40101 SET CHARACTER_SET_RESULTS=@OLD_CHARACTER_SET_RESULTS */;
/*!40101 SET COLLATION_CONNECTION=@OLD_COLLATION_CONNECTION */;
